"month","year","park","ndvi_monthly_mean"
1,2000,"AULA",0.0208450738414739
2,2000,"AULA",0.141207964229024
4,2000,"AULA",0.170955865279469
6,2000,"AULA",0.176283144485518
7,2000,"AULA",0.0607305176758374
8,2000,"AULA",0.0060160653194941
9,2000,"AULA",0.0182227492187048
11,2000,"AULA",0.0676083445594015
12,2000,"AULA",0.0664366771612341
1,2001,"AULA",-0.0165616232324223
2,2001,"AULA",0.0720868940796172
4,2001,"AULA",0.111494995827486
6,2001,"AULA",0.150765852171635
7,2001,"AULA",0.0199878095674506
8,2001,"AULA",-0.0155065401375411
9,2001,"AULA",-0.0259831563036066
11,2001,"AULA",0.0376090891888052
12,2001,"AULA",0.0182076647857921
1,2002,"AULA",0.13508748546383
2,2002,"AULA",-0.0187204809638209
3,2002,"AULA",0.0286624814757613
6,2002,"AULA",0.112652668607473
7,2002,"AULA",0.0240115742549239
8,2002,"AULA",-0.0189735465841198
9,2002,"AULA",-0.0254308737029097
11,2002,"AULA",-0.0181134263365265
12,2002,"AULA",0.0145081173844424
1,2003,"AULA",-0.020472606710824
2,2003,"AULA",0.0689402028707471
4,2003,"AULA",-0.0383166246593152
6,2003,"AULA",0.0899299246099595
7,2003,"AULA",-0.0369270434374291
8,2003,"AULA",-0.0195895885690592
9,2003,"AULA",-0.0286810095142883
11,2003,"AULA",-0.0213727639443425
12,2003,"AULA",-0.00241016691560899
1,2004,"AULA",-0.0168201955680417
2,2004,"AULA",0.0204719390230397
4,2004,"AULA",-0.0342363186037062
6,2004,"AULA",0.103097822150196
7,2004,"AULA",-0.0197005466935813
8,2004,"AULA",-0.0166038499435846
9,2004,"AULA",-0.0143874505665928
11,2004,"AULA",-0.0236172523783073
12,2004,"AULA",-0.0159021605833829
1,2005,"AULA",-0.015485154096131
2,2005,"AULA",0.0392339421331682
4,2005,"AULA",-0.0203288170774916
6,2005,"AULA",0.0759009846016588
7,2005,"AULA",0.0473126962238639
8,2005,"AULA",-0.0143898993448289
9,2005,"AULA",-0.0236649949788182
11,2005,"AULA",-0.0135469750172325
12,2005,"AULA",0.0358978430103078
1,2006,"AULA",-0.0203107557667625
2,2006,"AULA",0.148945483514876
4,2006,"AULA",-0.0382024374915818
6,2006,"AULA",0.116159269594677
7,2006,"AULA",0.00392354726735085
8,2006,"AULA",-0.0163815743513389
9,2006,"AULA",-0.0402709106195292
11,2006,"AULA",-0.0247548654716104
12,2006,"AULA",0.0531878327310483
1,2007,"AULA",-0.0242412489609561
2,2007,"AULA",0.102184513484417
4,2007,"AULA",-0.0278173192501141
6,2007,"AULA",0.190428711884404
7,2007,"AULA",0.00212895919428997
8,2007,"AULA",-0.0185042389617525
9,2007,"AULA",-0.033363940594067
11,2007,"AULA",-0.0250205633190731
12,2007,"AULA",0.0254760184078468
1,2008,"AULA",-0.0190567621722259
2,2008,"AULA",0.0554271409089806
4,2008,"AULA",-0.0365874590624943
6,2008,"AULA",0.181375537340723
7,2008,"AULA",0.057863045580487
8,2008,"AULA",-0.0217291615045466
9,2008,"AULA",-0.0299124820295155
11,2008,"AULA",-0.0210520034588244
12,2008,"AULA",-0.0118079078748808
1,2009,"AULA",-0.0185348334774611
2,2009,"AULA",0.089561196979927
4,2009,"AULA",-0.0418876292114288
6,2009,"AULA",0.0516574086698021
7,2009,"AULA",-0.0280462780326247
8,2009,"AULA",-0.0175438566596553
9,2009,"AULA",-0.0321492316560976
11,2009,"AULA",-0.0249340900631854
12,2009,"AULA",0.016230156725576
1,2000,"BANF",0.066930166920785
2,2000,"BANF",0.192190078779608
3,2000,"BANF",0.0851402464125787
4,2000,"BANF",0.083521079661532
5,2000,"BANF",0.0889906117437199
6,2000,"BANF",0.157271941421771
7,2000,"BANF",0.0856201856368309
8,2000,"BANF",0.0691221707261555
9,2000,"BANF",0.071595483918627
10,2000,"BANF",0.11995822798793
11,2000,"BANF",0.141260058565992
12,2000,"BANF",0.153652627466618
1,2001,"BANF",0.0462928403900246
2,2001,"BANF",0.207708376623377
3,2001,"BANF",0.103308063288387
4,2001,"BANF",0.0717789618971417
5,2001,"BANF",0.0995464664696521
6,2001,"BANF",0.158502323294228
7,2001,"BANF",0.0972147600717588
8,2001,"BANF",0.0625133384340714
9,2001,"BANF",0.0784582600084072
10,2001,"BANF",0.0837518785345976
11,2001,"BANF",0.133996967918541
12,2001,"BANF",0.203186375382751
1,2002,"BANF",0.0666840437900799
2,2002,"BANF",0.0475037099711546
3,2002,"BANF",0.164845462166536
4,2002,"BANF",0.0959783528586382
5,2002,"BANF",0.0751108807362594
6,2002,"BANF",0.17855655038123
7,2002,"BANF",0.0953497344933745
8,2002,"BANF",0.0418184500334072
9,2002,"BANF",0.0464483738578835
10,2002,"BANF",0.0891020490105698
11,2002,"BANF",0.0851177073989908
12,2002,"BANF",0.119156750098894
1,2003,"BANF",0.0420511448220165
2,2003,"BANF",0.162476709640779
3,2003,"BANF",0.0698639897758513
4,2003,"BANF",0.056821870739702
5,2003,"BANF",0.0781734240388338
6,2003,"BANF",0.199804507623541
7,2003,"BANF",0.092032282712348
8,2003,"BANF",0.0400341917734547
9,2003,"BANF",0.0330657796130227
10,2003,"BANF",0.0526018271228772
11,2003,"BANF",0.120366548482892
12,2003,"BANF",0.13624198983955
1,2004,"BANF",0.0599708364620575
2,2004,"BANF",0.117997098683514
3,2004,"BANF",0.0616073941070589
4,2004,"BANF",0.0653606562142406
5,2004,"BANF",0.0546647517680602
6,2004,"BANF",0.12260073738542
7,2004,"BANF",0.0771572301408652
8,2004,"BANF",0.0449503407139069
9,2004,"BANF",0.0415849432948956
10,2004,"BANF",0.0702276311651336
11,2004,"BANF",0.107195483617801
12,2004,"BANF",0.101862042848375
1,2005,"BANF",0.0615885118221697
2,2005,"BANF",0.17820781417362
3,2005,"BANF",0.07721910692914
4,2005,"BANF",0.0612905919861588
5,2005,"BANF",0.0690504783727027
6,2005,"BANF",0.120338711968189
7,2005,"BANF",0.0606978787101235
8,2005,"BANF",0.0506443796765459
9,2005,"BANF",0.0766452846854221
10,2005,"BANF",0.0813846034592886
11,2005,"BANF",0.0742987113301363
12,2005,"BANF",0.0954063378155167
1,2006,"BANF",0.0561591460535215
2,2006,"BANF",0.167090512462415
3,2006,"BANF",0.0589032142029069
4,2006,"BANF",0.0616626065208047
5,2006,"BANF",0.0662475517363947
6,2006,"BANF",0.176029332058951
7,2006,"BANF",0.123477736004694
8,2006,"BANF",0.0520504198362393
9,2006,"BANF",0.0729702513311146
10,2006,"BANF",0.0464608896616201
11,2006,"BANF",0.1310456243441
12,2006,"BANF",0.14672176685975
1,2007,"BANF",0.0379964445831222
2,2007,"BANF",0.14950608746626
3,2007,"BANF",0.0604607561050866
4,2007,"BANF",0.0442837010030107
5,2007,"BANF",0.0552033435728003
6,2007,"BANF",0.204544294453648
7,2007,"BANF",0.0938198798376108
8,2007,"BANF",0.0527365634460948
9,2007,"BANF",0.0442481354008393
10,2007,"BANF",0.0775750137381716
11,2007,"BANF",0.0865664961167478
12,2007,"BANF",0.148290105163827
1,2008,"BANF",0.0522116322579373
2,2008,"BANF",0.166727607986329
3,2008,"BANF",0.0533445190898958
4,2008,"BANF",0.0535611451985638
5,2008,"BANF",0.055109774892635
6,2008,"BANF",0.152732789418221
7,2008,"BANF",0.0793203449935994
8,2008,"BANF",0.0690177166803022
9,2008,"BANF",0.0421418307839584
10,2008,"BANF",0.0830008216765077
11,2008,"BANF",0.133861350107946
12,2008,"BANF",0.17419958187278
1,2009,"BANF",0.0534026052912579
2,2009,"BANF",0.183689548315715
3,2009,"BANF",0.0697024966777538
4,2009,"BANF",0.0737270275329771
5,2009,"BANF",0.0743833412238357
6,2009,"BANF",0.149379590955852
7,2009,"BANF",0.105382096205374
8,2009,"BANF",0.059913317704993
9,2009,"BANF",0.0560863255923957
10,2009,"BANF",0.0576185613137955
11,2009,"BANF",0.0532433811415791
12,2009,"BANF",0.230395488326259
1,2000,"ELKI",0.116791388784415
2,2000,"ELKI",0.404018103448276
3,2000,"ELKI",0.00188374877810362
4,2000,"ELKI",0.00421398811682101
5,2000,"ELKI",-0.0198116745319357
6,2000,"ELKI",0.401712777777778
7,2000,"ELKI",0.342304885057471
8,2000,"ELKI",0.0558129031721109
9,2000,"ELKI",0.183496388888889
10,2000,"ELKI",0.0782878352490421
11,2000,"ELKI",0.138138585864513
12,2000,"ELKI",0.274231666493863
1,2001,"ELKI",0.183268611111111
2,2001,"ELKI",0.649386904761905
3,2001,"ELKI",-0.0369457394209115
4,2001,"ELKI",0.0288892857142857
5,2001,"ELKI",0.0233249242424242
6,2001,"ELKI",0.361204444367579
7,2001,"ELKI",0.250547777778148
8,2001,"ELKI",0.11402688172043
9,2001,"ELKI",0.196617777777778
10,2001,"ELKI",0.125732222264347
11,2001,"ELKI",0.177531388880454
12,2001,"ELKI",0.360061944444444
1,2002,"ELKI",0.0237110119047619
2,2002,"ELKI",0.0584607143092723
3,2002,"ELKI",0.336821774173584
4,2002,"ELKI",0.109058611111111
5,2002,"ELKI",0.00296854838455448
6,2002,"ELKI",0.459973054805396
7,2002,"ELKI",0.342394722222222
8,2002,"ELKI",0.0041260752688172
9,2002,"ELKI",0.151279444336924
10,2002,"ELKI",0.0777300000064406
11,2002,"ELKI",0.133516944444444
12,2002,"ELKI",0.325870555379018
1,2003,"ELKI",0.0569988889679359
2,2003,"ELKI",0.508988988090981
3,2003,"ELKI",-0.0206322401433692
4,2003,"ELKI",-0.0203717262156305
5,2003,"ELKI",0.0125379032370237
6,2003,"ELKI",0.5080125
7,2003,"ELKI",0.3005975
8,2003,"ELKI",-0.0282309139798405
9,2003,"ELKI",0.187377499912134
10,2003,"ELKI",0.0173246212121212
11,2003,"ELKI",0.161599444429199
12,2003,"ELKI",0.330209166482301
1,2004,"ELKI",0.111199981362431
2,2004,"ELKI",0.356162356321839
3,2004,"ELKI",-0.0179005246051374
4,2004,"ELKI",-0.0232545977028986
5,2004,"ELKI",-0.0199125643532095
6,2004,"ELKI",0.385453888888889
7,2004,"ELKI",0.376269166336267
8,2004,"ELKI",-0.013145943893552
9,2004,"ELKI",0.131046551724138
10,2004,"ELKI",0.0830072222682171
11,2004,"ELKI",0.1110877776394
12,2004,"ELKI",0.232114444444444
1,2005,"ELKI",0.1438975
2,2005,"ELKI",0.39019107217791
3,2005,"ELKI",-0.0206938174785645
4,2005,"ELKI",-0.00159642857142857
5,2005,"ELKI",-0.0391142256564061
6,2005,"ELKI",0.395572068835924
7,2005,"ELKI",0.261935277776718
8,2005,"ELKI",0.0350645161290322
9,2005,"ELKI",0.269212777754797
10,2005,"ELKI",0.0887266666666666
11,2005,"ELKI",0.190967207070707
12,2005,"ELKI",0.24601196969697
1,2006,"ELKI",0.134774166319555
2,2006,"ELKI",0.455150000064785
3,2006,"ELKI",-0.0467035174323884
4,2006,"ELKI",0.0605386904756164
5,2006,"ELKI",0.00574713261282337
6,2006,"ELKI",0.471603333085797
7,2006,"ELKI",0.406990833333333
8,2006,"ELKI",-0.00811972221856338
9,2006,"ELKI",0.200722221982403
10,2006,"ELKI",-0.0252274074074074
11,2006,"ELKI",0.157878611111111
12,2006,"ELKI",0.2475113888582
1,2007,"ELKI",0.065675833374356
2,2007,"ELKI",0.282847023809524
3,2007,"ELKI",-0.0263574169110459
4,2007,"ELKI",-0.018173809525653
5,2007,"ELKI",-0.0415750000435468
6,2007,"ELKI",0.577021111111111
7,2007,"ELKI",0.306326666456676
8,2007,"ELKI",-0.032035483981779
9,2007,"ELKI",0.238084444444445
10,2007,"ELKI",0.105248333340031
11,2007,"ELKI",0.220547222381272
12,2007,"ELKI",0.337349166760842
1,2008,"ELKI",0.0454350000000001
2,2008,"ELKI",0.398221264134673
3,2008,"ELKI",-0.0248446185698035
4,2008,"ELKI",-0.0227896551744723
5,2008,"ELKI",-0.0297860931899642
6,2008,"ELKI",0.464976389395655
7,2008,"ELKI",0.345809444569002
8,2008,"ELKI",-0.0148336021505376
9,2008,"ELKI",0.183278333333333
10,2008,"ELKI",0.104600555610333
11,2008,"ELKI",0.219012777571016
12,2008,"ELKI",0.314480059523809
1,2009,"ELKI",0.0673616667138537
2,2009,"ELKI",0.346870535828284
3,2009,"ELKI",-0.0210758390355165
4,2009,"ELKI",-0.0143574404761905
5,2009,"ELKI",-0.0258875914125908
6,2009,"ELKI",0.404734166571697
7,2009,"ELKI",0.272951666666667
8,2009,"ELKI",-0.008174731181068
9,2009,"ELKI",0.181693888553958
10,2009,"ELKI",0.132020689739707
11,2009,"ELKI",0.0982088888888889
12,2009,"ELKI",0.376844166529427
1,2000,"FIVE",0.197605299973601
2,2000,"FIVE",0.25741462585034
3,2000,"FIVE",0.0131968666666667
4,2000,"FIVE",0.0559102561153638
5,2000,"FIVE",0.00168890692640692
6,2000,"FIVE",0.290831666666667
7,2000,"FIVE",0.26017816091954
8,2000,"FIVE",0.20237029797141
9,2000,"FIVE",0.240201346153846
10,2000,"FIVE",0.0555436476190476
11,2000,"FIVE",0.0638623016196978
12,2000,"FIVE",0.175013809848669
1,2001,"FIVE",0.197992628205128
2,2001,"FIVE",0.359179444444444
3,2001,"FIVE",0.0778149357172464
4,2001,"FIVE",0.0221867658730159
5,2001,"FIVE",-0.00582173913043478
6,2001,"FIVE",0.344140925415655
7,2001,"FIVE",0.365193333743461
8,2001,"FIVE",0.0708686428571429
9,2001,"FIVE",0.229121728395062
10,2001,"FIVE",0.0937916668922739
11,2001,"FIVE",0.153541514017083
12,2001,"FIVE",0.267207054673721
1,2002,"FIVE",0.040671635610766
2,2002,"FIVE",0.181682692350485
3,2002,"FIVE",0.421356781790476
4,2002,"FIVE",0.0169517261904762
5,2002,"FIVE",0.0166109846774827
6,2002,"FIVE",0.342432874053175
7,2002,"FIVE",0.254021794871795
8,2002,"FIVE",0.0641498214285714
9,2002,"FIVE",0.214663580767433
10,2002,"FIVE",0.043043518700906
11,2002,"FIVE",0.100864285714286
12,2002,"FIVE",0.244884888603449
1,2003,"FIVE",0.097885920203403
2,2003,"FIVE",0.338409933430886
3,2003,"FIVE",0.0602147142857143
4,2003,"FIVE",0.0410770829709185
5,2003,"FIVE",0.0387468057334589
6,2003,"FIVE",0.307750666666667
7,2003,"FIVE",0.277591049382716
8,2003,"FIVE",0.0608572341910648
9,2003,"FIVE",0.138716852083648
10,2003,"FIVE",0.0901333928571428
11,2003,"FIVE",0.166423160914751
12,2003,"FIVE",0.270694933457311
1,2004,"FIVE",0.129057777777778
2,2004,"FIVE",0.221747333333333
3,2004,"FIVE",-0.00344761893924266
4,2004,"FIVE",0.0572037887941151
5,2004,"FIVE",0.0486409027777778
6,2004,"FIVE",0.324826488095238
7,2004,"FIVE",0.309353999913611
8,2004,"FIVE",0.0571980128028511
9,2004,"FIVE",0.12968125
10,2004,"FIVE",0.130776488185745
11,2004,"FIVE",0.218787360177101
12,2004,"FIVE",0.445968765432099
1,2005,"FIVE",0.220620679012346
2,2005,"FIVE",0.220152430152603
3,2005,"FIVE",-0.0113620237751208
4,2005,"FIVE",0.0221189904761905
5,2005,"FIVE",0.00889012840984723
6,2005,"FIVE",0.35994960003171
7,2005,"FIVE",0.251557471179003
8,2005,"FIVE",0.0670806547619048
9,2005,"FIVE",0.224493950387254
10,2005,"FIVE",0.08285
11,2005,"FIVE",0.171383260869565
12,2005,"FIVE",0.298159866666667
1,2006,"FIVE",0.228063095397453
2,2006,"FIVE",0.311381725654283
3,2006,"FIVE",0.050945625
4,2006,"FIVE",0.0308540384485859
5,2006,"FIVE",0.0114252002367353
6,2006,"FIVE",0.269437151494643
7,2006,"FIVE",0.296061794871795
8,2006,"FIVE",0.116452758757356
9,2006,"FIVE",0.251518148563931
10,2006,"FIVE",0.0257327619047619
11,2006,"FIVE",0.123432236394558
12,2006,"FIVE",0.197074259317911
1,2007,"FIVE",0.137855476177606
2,2007,"FIVE",0.321211607142857
3,2007,"FIVE",-0.00159937500000002
4,2007,"FIVE",0.034636904861456
5,2007,"FIVE",0.0240936857142857
6,2007,"FIVE",0.351033653846154
7,2007,"FIVE",0.347519135416465
8,2007,"FIVE",0.120495118829128
9,2007,"FIVE",0.28797975308642
10,2007,"FIVE",0.035917
11,2007,"FIVE",0.198511112651267
12,2007,"FIVE",0.279085952340364
1,2008,"FIVE",0.151269567901235
2,2008,"FIVE",0.374339231747549
3,2008,"FIVE",3.48512341966038e-05
4,2008,"FIVE",0.00562621211263549
5,2008,"FIVE",0.0043327564102564
6,2008,"FIVE",0.278227174625341
7,2008,"FIVE",0.223439942375202
8,2008,"FIVE",0.0376474137931035
9,2008,"FIVE",0.127716304347826
10,2008,"FIVE",0.0481910493127588
11,2008,"FIVE",0.238366726663295
12,2008,"FIVE",0.269591733333333
1,2009,"FIVE",0.175243518599794
2,2009,"FIVE",0.286613581309863
3,2009,"FIVE",0.00798653846153846
4,2009,"FIVE",0.0299034722222222
5,2009,"FIVE",0.0157436228519675
6,2009,"FIVE",0.324205000129674
7,2009,"FIVE",0.360695432098765
8,2009,"FIVE",0.0781119920382893
9,2009,"FIVE",0.216705237715054
10,2009,"FIVE",0.162091025142181
11,2009,"FIVE",0.0950278666666667
12,2009,"FIVE",0.395000172347434
1,2000,"FORI",0.0762089765486065
2,2000,"FORI",0.257525032959772
3,2000,"FORI",0.0232024343376929
4,2000,"FORI",0.018873018867512
5,2000,"FORI",0.0450701406540768
6,2000,"FORI",0.226091094989075
7,2000,"FORI",0.280419304925467
8,2000,"FORI",0.0343805051224461
9,2000,"FORI",0.161567429089429
10,2000,"FORI",0.00512307720669855
11,2000,"FORI",0.115903668250752
12,2000,"FORI",0.220781376776116
1,2001,"FORI",0.0564534257708522
2,2001,"FORI",0.383290614653204
3,2001,"FORI",0.0447461503879649
4,2001,"FORI",0.0131392259820371
5,2001,"FORI",0.00122106737611048
6,2001,"FORI",0.262200059721734
7,2001,"FORI",0.318926454165543
8,2001,"FORI",0.0106483039138281
9,2001,"FORI",0.20949024000074
10,2001,"FORI",0.0687560365491528
11,2001,"FORI",0.147216831324197
12,2001,"FORI",0.292332193845427
1,2002,"FORI",0.00399007814110495
2,2002,"FORI",0.0643379196684142
3,2002,"FORI",0.418093638516013
4,2002,"FORI",0.0523611756715507
5,2002,"FORI",0.0353497663026664
6,2002,"FORI",0.29960497437904
7,2002,"FORI",0.270717326202734
8,2002,"FORI",0.0338483866995074
9,2002,"FORI",0.15437449095209
10,2002,"FORI",0.0271078822345338
11,2002,"FORI",0.199751416814667
12,2002,"FORI",0.293749253161383
1,2003,"FORI",0.0677358799235346
2,2003,"FORI",0.213605601708246
3,2003,"FORI",0.0124544621686557
4,2003,"FORI",0.0134335126235405
5,2003,"FORI",0.0384674312386803
6,2003,"FORI",0.268681103550776
7,2003,"FORI",0.234420721084285
8,2003,"FORI",0.00224630207588733
9,2003,"FORI",0.150307383106089
10,2003,"FORI",0.0950996499010249
11,2003,"FORI",0.132120987243294
12,2003,"FORI",0.296190667052049
1,2004,"FORI",0.0477352836926273
2,2004,"FORI",0.278524773847185
3,2004,"FORI",0.0308785444352201
4,2004,"FORI",0.0191649864660709
5,2004,"FORI",0.0252962968289389
6,2004,"FORI",0.220849746497375
7,2004,"FORI",0.267312792201719
8,2004,"FORI",0.0215533436042926
9,2004,"FORI",0.208347546291244
10,2004,"FORI",0.0926105319040175
11,2004,"FORI",0.174828680174123
12,2004,"FORI",0.408499526937974
1,2005,"FORI",0.0639539999017867
2,2005,"FORI",0.319680426323501
3,2005,"FORI",0.0723232738208001
4,2005,"FORI",0.0105308591892468
5,2005,"FORI",0.0383573982729233
6,2005,"FORI",0.406457542835475
7,2005,"FORI",0.332690653980985
8,2005,"FORI",0.00244042349413038
9,2005,"FORI",0.115258929929699
10,2005,"FORI",0.0799862400393724
11,2005,"FORI",0.111852643537019
12,2005,"FORI",0.259991054227494
1,2006,"FORI",0.0792910706991104
2,2006,"FORI",0.348253942644353
3,2006,"FORI",0.0107737283691254
4,2006,"FORI",-0.0180729705033887
5,2006,"FORI",-0.00546262372248661
6,2006,"FORI",0.259865570211216
7,2006,"FORI",0.153650676545677
8,2006,"FORI",0.00439924278361096
9,2006,"FORI",0.109814263216649
10,2006,"FORI",0.0430552860932171
11,2006,"FORI",0.127568310707492
12,2006,"FORI",0.287451026094938
1,2007,"FORI",0.0551293614612487
2,2007,"FORI",0.33745904528599
3,2007,"FORI",0.00893223719781445
4,2007,"FORI",-0.00518262552863778
5,2007,"FORI",0.00534609111200757
6,2007,"FORI",0.277096029429721
7,2007,"FORI",0.300592287239343
8,2007,"FORI",0.0164143269816405
9,2007,"FORI",0.106759897025796
10,2007,"FORI",0.0399560335709044
11,2007,"FORI",0.17617610083496
12,2007,"FORI",0.27914284553466
1,2008,"FORI",0.051699866041366
2,2008,"FORI",0.209961181754187
3,2008,"FORI",0.00787181279516344
4,2008,"FORI",-0.0102084952601029
5,2008,"FORI",-0.00395541409978911
6,2008,"FORI",0.26740766088603
7,2008,"FORI",0.137919766792833
8,2008,"FORI",-0.00291042821107222
9,2008,"FORI",0.093562014711479
10,2008,"FORI",0.0318625684435604
11,2008,"FORI",0.171682413356494
12,2008,"FORI",0.21505808567216
1,2009,"FORI",0.0422055385822271
2,2009,"FORI",0.303478466842336
3,2009,"FORI",0.0228167781292781
4,2009,"FORI",-0.0154568146550118
5,2009,"FORI",0.00480768608366541
6,2009,"FORI",0.189806037564794
7,2009,"FORI",0.250113418618963
8,2009,"FORI",0.0210671554463695
9,2009,"FORI",0.10593422347876
10,2009,"FORI",0.17510872370761
11,2009,"FORI",0.0626701357346358
12,2009,"FORI",0.302256279363465
1,2000,"FUND",0.039248435988165
2,2000,"FUND",0.147083962282928
3,2000,"FUND",0.104663086099086
4,2000,"FUND",0.0852133910999311
5,2000,"FUND",0.0346674090172229
6,2000,"FUND",0.225557145983646
7,2000,"FUND",0.17549398989899
8,2000,"FUND",0.0951491226494959
9,2000,"FUND",0.129257910774411
10,2000,"FUND",0.0357678159675573
11,2000,"FUND",0.0766713954367492
12,2000,"FUND",0.142664980062797
1,2001,"FUND",0.0676115033670034
2,2001,"FUND",0.408797994227994
3,2001,"FUND",0.126956782636086
4,2001,"FUND",0.0299139446763554
5,2001,"FUND",0.0276823552188552
6,2001,"FUND",0.391749716087574
7,2001,"FUND",0.330213232906617
8,2001,"FUND",0.0524309040869525
9,2001,"FUND",0.277514936026936
10,2001,"FUND",0.0905422310901398
11,2001,"FUND",0.297425390463543
12,2001,"FUND",0.381690536195286
1,2002,"FUND",0.0317480976430976
2,2002,"FUND",0.151778961353056
3,2002,"FUND",0.40800678065651
4,2002,"FUND",0.138214196127946
5,2002,"FUND",0.0378085409292291
6,2002,"FUND",0.356042202556462
7,2002,"FUND",0.307521008417509
8,2002,"FUND",0.117303648233487
9,2002,"FUND",0.236666625809706
10,2002,"FUND",0.0592090588596509
11,2002,"FUND",0.283755875420875
12,2002,"FUND",0.315858224173728
1,2003,"FUND",0.17762101519191
2,2003,"FUND",0.239314466152335
3,2003,"FUND",0.109869593347266
4,2003,"FUND",0.0802706037975385
5,2003,"FUND",0.0777383066615323
6,2003,"FUND",0.317246252525253
7,2003,"FUND",0.289150646464646
8,2003,"FUND",0.0801105133113357
9,2003,"FUND",0.222497063322759
10,2003,"FUND",0.116902597883598
11,2003,"FUND",0.219756047400398
12,2003,"FUND",0.452513343342741
1,2004,"FUND",0.134707488678864
2,2004,"FUND",0.323806218434343
3,2004,"FUND",0.107596627750302
4,2004,"FUND",0.0817315926098853
5,2004,"FUND",0.130228518684381
6,2004,"FUND",0.288249226430976
7,2004,"FUND",0.271816691717709
8,2004,"FUND",0.0882784238820295
9,2004,"FUND",0.195362601880878
10,2004,"FUND",0.159449814765528
11,2004,"FUND",0.152288374685426
12,2004,"FUND",0.348294021885522
1,2005,"FUND",0.219580511784512
2,2005,"FUND",0.409856802238895
3,2005,"FUND",0.0836371064260658
4,2005,"FUND",0.121515028058361
5,2005,"FUND",0.0742773369019562
6,2005,"FUND",0.304580144701005
7,2005,"FUND",0.297076824113884
8,2005,"FUND",0.0576254176558208
9,2005,"FUND",0.128622264025961
10,2005,"FUND",0.0881563096482062
11,2005,"FUND",0.157265917508418
12,2005,"FUND",0.358887895743146
1,2006,"FUND",0.180109704188945
2,2006,"FUND",0.290955604187061
3,2006,"FUND",0.0737498209049015
4,2006,"FUND",0.0950338419619654
5,2006,"FUND",0.0503922133361409
6,2006,"FUND",0.324231602641137
7,2006,"FUND",0.150915944444444
8,2006,"FUND",0.109403497703836
9,2006,"FUND",0.223598373817222
10,2006,"FUND",0.091234083942877
11,2006,"FUND",0.157011433298502
12,2006,"FUND",0.296646217914757
1,2007,"FUND",0.157821250885389
2,2007,"FUND",0.400807045454545
3,2007,"FUND",0.0155527039985105
4,2007,"FUND",0.0786888278403326
5,2007,"FUND",0.103934523507081
6,2007,"FUND",0.295785269360269
7,2007,"FUND",0.337394328896936
8,2007,"FUND",0.101476486451764
9,2007,"FUND",0.136883818181818
10,2007,"FUND",0.0916441999975865
11,2007,"FUND",0.254471241485866
12,2007,"FUND",0.402527196987876
1,2008,"FUND",0.163770222222222
2,2008,"FUND",0.253575052358339
3,2008,"FUND",0.0808536131473036
4,2008,"FUND",0.0692095698087138
5,2008,"FUND",0.0501395869990225
6,2008,"FUND",0.32339482619881
7,2008,"FUND",0.331454520029996
8,2008,"FUND",0.082496206419029
9,2008,"FUND",0.238949304713805
10,2008,"FUND",0.0885624155566488
11,2008,"FUND",0.210586702468854
12,2008,"FUND",0.270160202922078
1,2009,"FUND",0.149551391723836
2,2009,"FUND",0.317025519541915
3,2009,"FUND",0.0275003115253922
4,2009,"FUND",0.0501051794733045
5,2009,"FUND",0.077815617295293
6,2009,"FUND",0.252038190499359
7,2009,"FUND",0.240823821548822
8,2009,"FUND",0.0911878240804903
9,2009,"FUND",0.165223030789524
10,2009,"FUND",0.165675811718574
11,2009,"FUND",0.131409956228956
12,2009,"FUND",0.318150620391284
1,2000,"GBIS",0.151548462953397
2,2000,"GBIS",0.254597426175015
3,2000,"GBIS",0.0265830727513228
4,2000,"GBIS",0.0246859543331213
5,2000,"GBIS",0.0138631349143454
6,2000,"GBIS",0.261108708016122
7,2000,"GBIS",0.223247347883598
8,2000,"GBIS",0.121757363211795
9,2000,"GBIS",0.219635651875902
10,2000,"GBIS",0.0716149055829228
11,2000,"GBIS",0.0918138151578924
12,2000,"GBIS",0.211710407261461
1,2001,"GBIS",0.182076980892671
2,2001,"GBIS",0.39957457521645
3,2001,"GBIS",0.0542394943481172
4,2001,"GBIS",0.0130061925376211
5,2001,"GBIS",0.00864889911014911
6,2001,"GBIS",0.382123476975993
7,2001,"GBIS",0.396165508841749
8,2001,"GBIS",0.0266112611134385
9,2001,"GBIS",0.288659201418951
10,2001,"GBIS",0.0855996297406131
11,2001,"GBIS",0.135032867414249
12,2001,"GBIS",0.281590425925926
1,2002,"GBIS",0.0186672548185941
2,2002,"GBIS",0.137427702629774
3,2002,"GBIS",0.424340986157298
4,2002,"GBIS",0.000725701058201043
5,2002,"GBIS",0.000765174581250646
6,2002,"GBIS",0.414977522037571
7,2002,"GBIS",0.305481065120065
8,2002,"GBIS",0.0403616129032258
9,2002,"GBIS",0.229267268358125
10,2002,"GBIS",0.0492343916810615
11,2002,"GBIS",0.131459643458394
12,2002,"GBIS",0.36515516057913
1,2003,"GBIS",0.103794162830265
2,2003,"GBIS",0.3616351068116
3,2003,"GBIS",0.0438680248335894
4,2003,"GBIS",0.017283609128366
5,2003,"GBIS",0.00958229845210539
6,2003,"GBIS",0.320080857142857
7,2003,"GBIS",0.388104813852814
8,2003,"GBIS",0.0253764410308832
9,2003,"GBIS",0.154415369543448
10,2003,"GBIS",0.0326422186147186
11,2003,"GBIS",0.169665793030329
12,2003,"GBIS",0.297489920527427
1,2004,"GBIS",0.155176728403097
2,2004,"GBIS",0.258477014852963
3,2004,"GBIS",0.00414692065592314
4,2004,"GBIS",0.0143185607109002
5,2004,"GBIS",0.0301366865079365
6,2004,"GBIS",0.355696645502646
7,2004,"GBIS",0.426352083202121
8,2004,"GBIS",0.0228550377033678
9,2004,"GBIS",0.186682297850959
10,2004,"GBIS",0.089844054276386
11,2004,"GBIS",0.163104825342031
12,2004,"GBIS",0.417879332010582
1,2005,"GBIS",0.18426249002849
2,2005,"GBIS",0.339542209201307
3,2005,"GBIS",-0.0053766013696329
4,2005,"GBIS",0.021849961787184
5,2005,"GBIS",0.0128325714846282
6,2005,"GBIS",0.439377260623802
7,2005,"GBIS",0.294625526617473
8,2005,"GBIS",0.0269668894009216
9,2005,"GBIS",0.278882680926015
10,2005,"GBIS",0.0167430826740309
11,2005,"GBIS",0.152835844997595
12,2005,"GBIS",0.353723144420394
1,2006,"GBIS",0.196619989033884
2,2006,"GBIS",0.364521797613266
3,2006,"GBIS",0.025515650281618
4,2006,"GBIS",0.00673159662656037
5,2006,"GBIS",-0.00369830394427848
6,2006,"GBIS",0.364055385025403
7,2006,"GBIS",0.312145535714286
8,2006,"GBIS",0.043942144171818
9,2006,"GBIS",0.26910402554907
10,2006,"GBIS",0.036100894059644
11,2006,"GBIS",0.135306390933141
12,2006,"GBIS",0.204573018412843
1,2007,"GBIS",0.145879693530967
2,2007,"GBIS",0.31972795776644
3,2007,"GBIS",-0.0119062410976121
4,2007,"GBIS",0.0153695663152618
5,2007,"GBIS",0.0339730274275809
6,2007,"GBIS",0.362764625661376
7,2007,"GBIS",0.399173619664023
8,2007,"GBIS",0.0458059622931316
9,2007,"GBIS",0.310510871489621
10,2007,"GBIS",0.079949169291371
11,2007,"GBIS",0.130869416181973
12,2007,"GBIS",0.344995011027109
1,2008,"GBIS",0.17797055002405
2,2008,"GBIS",0.372486036453068
3,2008,"GBIS",-0.0142155049893786
4,2008,"GBIS",0.00786641998963484
5,2008,"GBIS",-0.0123251615857261
6,2008,"GBIS",0.391724064391485
7,2008,"GBIS",0.341688601032331
8,2008,"GBIS",0.0293894834287576
9,2008,"GBIS",0.253794335978836
10,2008,"GBIS",0.0483373507002634
11,2008,"GBIS",0.182893104699803
12,2008,"GBIS",0.29638691468254
1,2009,"GBIS",0.173003085722451
2,2009,"GBIS",0.347410416404671
3,2009,"GBIS",-0.0016745990860991
4,2009,"GBIS",0.0156991898577613
5,2009,"GBIS",-0.00454679799576336
6,2009,"GBIS",0.274532880220953
7,2009,"GBIS",0.375394121693122
8,2009,"GBIS",0.0419946323445421
9,2009,"GBIS",0.289958103346873
10,2009,"GBIS",0.155086269198485
11,2009,"GBIS",0.0898293306878307
12,2009,"GBIS",0.420062463247477
1,2000,"GLAC",0.0515173596257814
2,2000,"GLAC",0.188555214256872
3,2000,"GLAC",0.0473502829620373
4,2000,"GLAC",0.0473361861406128
5,2000,"GLAC",0.0425353807068477
6,2000,"GLAC",0.133593862609894
7,2000,"GLAC",0.0734500615923181
8,2000,"GLAC",0.0539126947476947
9,2000,"GLAC",0.0558414612728065
10,2000,"GLAC",0.0585654849047398
11,2000,"GLAC",0.108988755180088
12,2000,"GLAC",0.150289497676522
1,2001,"GLAC",0.0403401726731194
2,2001,"GLAC",0.224097238586156
3,2001,"GLAC",0.0496300342314108
4,2001,"GLAC",0.0567504634447076
5,2001,"GLAC",0.0524416778669542
6,2001,"GLAC",0.147288419216663
7,2001,"GLAC",0.0803695078271828
8,2001,"GLAC",0.0433908990514545
9,2001,"GLAC",0.0537492422826271
10,2001,"GLAC",0.0483187500687252
11,2001,"GLAC",0.0980926490220624
12,2001,"GLAC",0.247163582116266
1,2002,"GLAC",0.0482114704190202
2,2002,"GLAC",0.0393450776159884
3,2002,"GLAC",0.212388792832477
4,2002,"GLAC",0.0355579447000999
5,2002,"GLAC",0.0445066326384896
6,2002,"GLAC",0.17019745271676
7,2002,"GLAC",0.0803391434293422
8,2002,"GLAC",0.0337020486606901
9,2002,"GLAC",0.0365304624148931
10,2002,"GLAC",0.0566367311032813
11,2002,"GLAC",0.127618092236077
12,2002,"GLAC",0.138528670456063
1,2003,"GLAC",0.0275035881877877
2,2003,"GLAC",0.198647385820969
3,2003,"GLAC",0.0382053985799642
4,2003,"GLAC",0.0474000557120331
5,2003,"GLAC",0.0369496254444176
6,2003,"GLAC",0.230112989690722
7,2003,"GLAC",0.0764665127242528
8,2003,"GLAC",0.0289863486260032
9,2003,"GLAC",0.0274724242818995
10,2003,"GLAC",0.041063788089012
11,2003,"GLAC",0.106628352395079
12,2003,"GLAC",0.148216405559811
1,2004,"GLAC",0.0503889087304827
2,2004,"GLAC",0.151559473871312
3,2004,"GLAC",0.0250071733879188
4,2004,"GLAC",0.0405767403263427
5,2004,"GLAC",0.0272384657308587
6,2004,"GLAC",0.158154978115392
7,2004,"GLAC",0.0905916047258908
8,2004,"GLAC",0.036008110723457
9,2004,"GLAC",0.0291302015875895
10,2004,"GLAC",0.0342641164479518
11,2004,"GLAC",0.0962467409178026
12,2004,"GLAC",0.104424729933139
1,2005,"GLAC",0.0427496634204574
2,2005,"GLAC",0.254979843748407
3,2005,"GLAC",0.0335404540049028
4,2005,"GLAC",0.0517303631769276
5,2005,"GLAC",0.0353546029493145
6,2005,"GLAC",0.115327827842879
7,2005,"GLAC",0.0670557292588387
8,2005,"GLAC",0.0353500480312021
9,2005,"GLAC",0.0491813526077543
10,2005,"GLAC",0.0352949627060304
11,2005,"GLAC",0.044865938483954
12,2005,"GLAC",0.110955728065871
1,2006,"GLAC",0.0349237882441473
2,2006,"GLAC",0.197385627985256
3,2006,"GLAC",0.02126388893782
4,2006,"GLAC",0.0504901380500426
5,2006,"GLAC",0.0218100812681188
6,2006,"GLAC",0.18966763224436
7,2006,"GLAC",0.105183896967505
8,2006,"GLAC",0.0389386036204268
9,2006,"GLAC",0.0456259676897483
10,2006,"GLAC",0.0253070488786484
11,2006,"GLAC",0.153895369196666
12,2006,"GLAC",0.205261959352752
1,2007,"GLAC",0.0337258234849109
2,2007,"GLAC",0.171550957290133
3,2007,"GLAC",0.0329615830686321
4,2007,"GLAC",0.0327210398185863
5,2007,"GLAC",0.030195569859018
6,2007,"GLAC",0.214434590492554
7,2007,"GLAC",0.063630107440343
8,2007,"GLAC",0.032487864749083
9,2007,"GLAC",0.0372493156199132
10,2007,"GLAC",0.0433688479392443
11,2007,"GLAC",0.054184565915037
12,2007,"GLAC",0.151439193879339
1,2008,"GLAC",0.0450233007969584
2,2008,"GLAC",0.169682150935861
3,2008,"GLAC",0.04310608523643
4,2008,"GLAC",0.0401697751365673
5,2008,"GLAC",0.0352262953061126
6,2008,"GLAC",0.147113230264956
7,2008,"GLAC",0.0799868682087939
8,2008,"GLAC",0.0478226207689305
9,2008,"GLAC",0.0373011222079038
10,2008,"GLAC",0.0370913748455892
11,2008,"GLAC",0.0881519848143032
12,2008,"GLAC",0.215753203240059
1,2009,"GLAC",0.0477103425433055
2,2009,"GLAC",0.219426436102642
3,2009,"GLAC",0.0377559596928508
4,2009,"GLAC",0.0465852177431294
5,2009,"GLAC",0.0332145046949946
6,2009,"GLAC",0.209092199173775
7,2009,"GLAC",0.100110756013746
8,2009,"GLAC",0.0449042234572787
9,2009,"GLAC",0.0513040042511152
10,2009,"GLAC",0.0291833731152884
11,2009,"GLAC",0.0704030557875023
12,2009,"GLAC",0.244568947900423
1,2000,"IVVA",0.0359117170491872
2,2000,"IVVA",0.276096020916967
4,2000,"IVVA",0.0810037316955388
6,2000,"IVVA",0.377427133905732
7,2000,"IVVA",0.220816155993494
8,2000,"IVVA",0.0379077132540944
9,2000,"IVVA",0.028482294710452
10,2000,"IVVA",0.374365659346735
11,2000,"IVVA",0.00026339330476405
12,2000,"IVVA",0.114838738041071
1,2001,"IVVA",-0.00484457131314531
2,2001,"IVVA",0.215345790388134
4,2001,"IVVA",0.0658418702474235
6,2001,"IVVA",0.217953614909301
7,2001,"IVVA",0.177470280863237
8,2001,"IVVA",0.00242125394839405
9,2001,"IVVA",-0.0145241500044715
10,2001,"IVVA",0.335747368003774
11,2001,"IVVA",0.0185717489763554
12,2001,"IVVA",0.198781805006395
1,2002,"IVVA",0.0892376242017595
2,2002,"IVVA",0.00855195189532575
3,2002,"IVVA",0.164723207544099
6,2002,"IVVA",0.256886871388265
7,2002,"IVVA",0.185378016712398
8,2002,"IVVA",0.00800870070880072
9,2002,"IVVA",0.0437463701315876
10,2002,"IVVA",-0.0264942482524866
11,2002,"IVVA",0.0167379335460166
12,2002,"IVVA",0.138770648515292
1,2003,"IVVA",0.00106623862473267
2,2003,"IVVA",0.165158974313833
4,2003,"IVVA",-0.0166066526910309
6,2003,"IVVA",0.195590928447269
7,2003,"IVVA",0.228908833031539
8,2003,"IVVA",0.00956387459780165
9,2003,"IVVA",0.0116935550811288
10,2003,"IVVA",-5.62429355697591e-05
11,2003,"IVVA",0.0338211245287753
12,2003,"IVVA",0.0772727111896525
1,2004,"IVVA",-0.000679317265937614
2,2004,"IVVA",0.326082701377126
4,2004,"IVVA",-0.00719850581959277
6,2004,"IVVA",0.226022585791564
7,2004,"IVVA",0.292205070792411
8,2004,"IVVA",0.0319480746492995
9,2004,"IVVA",0.0241569616448006
10,2004,"IVVA",-0.0240714963971481
11,2004,"IVVA",0.00278547378911841
12,2004,"IVVA",0.102960819807723
1,2005,"IVVA",0.00546955349906104
2,2005,"IVVA",0.209905565405039
4,2005,"IVVA",-0.0157829549289361
6,2005,"IVVA",0.246211509534511
7,2005,"IVVA",0.266158116167521
8,2005,"IVVA",0.0244792469529224
9,2005,"IVVA",0.0246968024536858
10,2005,"IVVA",-0.00564543747834747
11,2005,"IVVA",0.00984512816144493
12,2005,"IVVA",0.109966093869491
1,2006,"IVVA",-0.00469995412131221
2,2006,"IVVA",0.19168172684099
4,2006,"IVVA",-0.0159772334107255
6,2006,"IVVA",0.278291276386013
7,2006,"IVVA",0.150468018632977
8,2006,"IVVA",-0.00328486147735028
9,2006,"IVVA",-0.0106921487134583
10,2006,"IVVA",-0.0328218968584384
11,2006,"IVVA",0.0251237144384759
12,2006,"IVVA",0.172438471230814
1,2007,"IVVA",-0.00767066507969773
2,2007,"IVVA",0.252701824616684
4,2007,"IVVA",-0.0179261668325622
6,2007,"IVVA",0.31054402356455
7,2007,"IVVA",0.235299342302975
8,2007,"IVVA",-0.00506055782768861
9,2007,"IVVA",-0.00455959680125187
10,2007,"IVVA",-0.0227473704738462
11,2007,"IVVA",0.00591448097548601
12,2007,"IVVA",0.169993674692594
1,2008,"IVVA",0.000900822066069376
2,2008,"IVVA",0.141645659607669
4,2008,"IVVA",-0.0152886068836767
6,2008,"IVVA",0.278835735918359
7,2008,"IVVA",0.255668818816584
8,2008,"IVVA",-0.00127135979374852
9,2008,"IVVA",0.00477325232876073
10,2008,"IVVA",-0.0256501649332779
11,2008,"IVVA",4.34563195652827e-05
12,2008,"IVVA",0.10797409182326
1,2009,"IVVA",-0.00455289232939844
2,2009,"IVVA",0.159310799412256
4,2009,"IVVA",-0.0174082927737012
6,2009,"IVVA",0.235542412484576
7,2009,"IVVA",0.186274996254276
8,2009,"IVVA",0.00214869913517987
9,2009,"IVVA",0.0224534953195762
10,2009,"IVVA",-0.0148994512987499
11,2009,"IVVA",0.00725768975482158
12,2009,"IVVA",0.124936228280107
1,2000,"JASP",0.0747609049029092
2,2000,"JASP",0.15908611422812
3,2000,"JASP",0.0821522199734546
4,2000,"JASP",0.0896493651770518
5,2000,"JASP",0.0805425368638717
6,2000,"JASP",0.128955042710669
7,2000,"JASP",0.0888409409056742
8,2000,"JASP",0.0629557977984502
9,2000,"JASP",0.0658100071470151
10,2000,"JASP",0.0977275811489706
11,2000,"JASP",0.112002760930831
12,2000,"JASP",0.142486650500973
1,2001,"JASP",0.0508772756507382
2,2001,"JASP",0.211799163228711
3,2001,"JASP",0.0950862105616101
4,2001,"JASP",0.0777988997812684
5,2001,"JASP",0.0993021074286134
6,2001,"JASP",0.141832824638475
7,2001,"JASP",0.0950140935315774
8,2001,"JASP",0.0615185407096354
9,2001,"JASP",0.0761193778973868
10,2001,"JASP",0.072137729633218
11,2001,"JASP",0.122646839264871
12,2001,"JASP",0.204346399250961
1,2002,"JASP",0.0651223281116943
2,2002,"JASP",0.0454019895370269
3,2002,"JASP",0.169037852027177
4,2002,"JASP",0.096857022012261
5,2002,"JASP",0.0620135624363567
6,2002,"JASP",0.165955472113712
7,2002,"JASP",0.10062227668174
8,2002,"JASP",0.0425360568082757
9,2002,"JASP",0.0397348781734401
10,2002,"JASP",0.0758324951921647
11,2002,"JASP",0.0867383866288908
12,2002,"JASP",0.0915061276865343
1,2003,"JASP",0.0368649507526635
2,2003,"JASP",0.151603835742069
3,2003,"JASP",0.0645765475500767
4,2003,"JASP",0.0542383708047875
5,2003,"JASP",0.0748125530851401
6,2003,"JASP",0.190406726104592
7,2003,"JASP",0.0844215155163599
8,2003,"JASP",0.0356862010523223
9,2003,"JASP",0.032963488832012
10,2003,"JASP",0.0575329349231817
11,2003,"JASP",0.103739268296214
12,2003,"JASP",0.126812172668202
1,2004,"JASP",0.0646466816688818
2,2004,"JASP",0.119253849591299
3,2004,"JASP",0.0415783183159866
4,2004,"JASP",0.0604775873660099
5,2004,"JASP",0.0530119138198747
6,2004,"JASP",0.118123700830266
7,2004,"JASP",0.0814988314693851
8,2004,"JASP",0.0532793620687278
9,2004,"JASP",0.0343451673805185
10,2004,"JASP",0.0660411193605161
11,2004,"JASP",0.100275273704805
12,2004,"JASP",0.105228081927534
1,2005,"JASP",0.0629517438015928
2,2005,"JASP",0.165539265317278
3,2005,"JASP",0.0544484848176683
4,2005,"JASP",0.065828383166341
5,2005,"JASP",0.0620596319983938
6,2005,"JASP",0.0982524908450664
7,2005,"JASP",0.0587413548125564
8,2005,"JASP",0.0455185751134463
9,2005,"JASP",0.0698789095052366
10,2005,"JASP",0.0638844742121361
11,2005,"JASP",0.0810666267565616
12,2005,"JASP",0.0883478132398374
1,2006,"JASP",0.065404194254839
2,2006,"JASP",0.171183185066394
3,2006,"JASP",0.049548381384713
4,2006,"JASP",0.0530693432302163
5,2006,"JASP",0.0579501643592489
6,2006,"JASP",0.162788675022701
7,2006,"JASP",0.137309398909638
8,2006,"JASP",0.0578026429193523
9,2006,"JASP",0.0606779914600437
10,2006,"JASP",0.0409073132714924
11,2006,"JASP",0.125470001462909
12,2006,"JASP",0.146944754087852
1,2007,"JASP",0.0383158952876555
2,2007,"JASP",0.13362154482868
3,2007,"JASP",0.0603083081386677
4,2007,"JASP",0.0429107593659486
5,2007,"JASP",0.0465471063513019
6,2007,"JASP",0.173925639197589
7,2007,"JASP",0.0814938251630508
8,2007,"JASP",0.0442557462899646
9,2007,"JASP",0.0482149458651007
10,2007,"JASP",0.0625798239931001
11,2007,"JASP",0.071688617620323
12,2007,"JASP",0.145318308311329
1,2008,"JASP",0.0452211492630485
2,2008,"JASP",0.167643617327578
3,2008,"JASP",0.0505814607699268
4,2008,"JASP",0.050861502667091
5,2008,"JASP",0.0495453689328034
6,2008,"JASP",0.130293836034905
7,2008,"JASP",0.0881385198685526
8,2008,"JASP",0.0576480375043319
9,2008,"JASP",0.0471259662981397
10,2008,"JASP",0.0697136262506578
11,2008,"JASP",0.108779157100481
12,2008,"JASP",0.164934701957391
1,2009,"JASP",0.0475168302452434
2,2009,"JASP",0.160158207333691
3,2009,"JASP",0.0570604445361419
4,2009,"JASP",0.0597803609491312
5,2009,"JASP",0.0756622676827359
6,2009,"JASP",0.133494281771187
7,2009,"JASP",0.0984513257168849
8,2009,"JASP",0.05469358805248
9,2009,"JASP",0.0567105256051915
10,2009,"JASP",0.0504717607487771
11,2009,"JASP",0.0488919211519873
12,2009,"JASP",0.200036007767702
1,2000,"KEJI",0.0808399888303894
2,2000,"KEJI",0.293330322015111
3,2000,"KEJI",0.0612656409994326
4,2000,"KEJI",0.0501758080967879
5,2000,"KEJI",0.0143528559900955
6,2000,"KEJI",0.279125554366366
7,2000,"KEJI",0.229589464420445
8,2000,"KEJI",0.174830333283368
9,2000,"KEJI",0.180101437216882
10,2000,"KEJI",0.0605239384707007
11,2000,"KEJI",0.137569686590778
12,2000,"KEJI",0.297822675309351
1,2001,"KEJI",0.161850969947424
2,2001,"KEJI",0.349955739886641
3,2001,"KEJI",0.0970335421423023
4,2001,"KEJI",0.0196302927677893
5,2001,"KEJI",-0.00233783374097167
6,2001,"KEJI",0.40551897005691
7,2001,"KEJI",0.33537392894877
8,2001,"KEJI",0.0403534678580391
9,2001,"KEJI",0.324497451480071
10,2001,"KEJI",0.137653756358139
11,2001,"KEJI",0.328568596600747
12,2001,"KEJI",0.411058852053013
1,2002,"KEJI",0.0464506102730284
2,2002,"KEJI",0.169549889313402
3,2002,"KEJI",0.409834511650222
4,2002,"KEJI",0.0819410225304441
5,2002,"KEJI",-0.00172092259867015
6,2002,"KEJI",0.327741444879132
7,2002,"KEJI",0.277780296049025
8,2002,"KEJI",0.161899187676485
9,2002,"KEJI",0.27794097320557
10,2002,"KEJI",0.0528677929294917
11,2002,"KEJI",0.2549738694659
12,2002,"KEJI",0.3361388001038
1,2003,"KEJI",0.193729154666183
2,2003,"KEJI",0.198107265396805
3,2003,"KEJI",0.113684251914408
4,2003,"KEJI",0.0279295663152995
5,2003,"KEJI",-0.00140644345825659
6,2003,"KEJI",0.330701467545226
7,2003,"KEJI",0.294594100429158
8,2003,"KEJI",0.053250205128961
9,2003,"KEJI",0.199955697678188
10,2003,"KEJI",0.158502128633953
11,2003,"KEJI",0.24701196532171
12,2003,"KEJI",0.392314726817702
1,2004,"KEJI",0.159427181139749
2,2004,"KEJI",0.387229902277548
3,2004,"KEJI",0.0660779628796377
4,2004,"KEJI",0.0628538089814095
5,2004,"KEJI",0.0275301928789721
6,2004,"KEJI",0.190033247721575
7,2004,"KEJI",0.402096838484354
8,2004,"KEJI",0.0543486665815481
9,2004,"KEJI",0.159859913164286
10,2004,"KEJI",0.1342069351757
11,2004,"KEJI",0.225193216932687
12,2004,"KEJI",0.379400130693598
1,2005,"KEJI",0.233784511962069
2,2005,"KEJI",0.361143044143989
3,2005,"KEJI",0.055401625326207
4,2005,"KEJI",0.0582551417097317
5,2005,"KEJI",0.0247777598654661
6,2005,"KEJI",0.275081457576605
7,2005,"KEJI",0.286171001335015
8,2005,"KEJI",0.0638215584176874
9,2005,"KEJI",0.116705492838814
10,2005,"KEJI",0.149688545451447
11,2005,"KEJI",0.18547009133483
12,2005,"KEJI",0.411525523533621
1,2006,"KEJI",0.20507938576753
2,2006,"KEJI",0.388100246888439
3,2006,"KEJI",0.0834456445580517
4,2006,"KEJI",0.0374574770195121
5,2006,"KEJI",0.0673857219549068
6,2006,"KEJI",0.35544561276986
7,2006,"KEJI",0.155298115842547
8,2006,"KEJI",0.172036702745842
9,2006,"KEJI",0.206304737044562
10,2006,"KEJI",0.110538111014439
11,2006,"KEJI",0.185603895738191
12,2006,"KEJI",0.305810162129257
1,2007,"KEJI",0.181168412106226
2,2007,"KEJI",0.457773626617225
3,2007,"KEJI",0.0197422260984424
4,2007,"KEJI",0.0359460849323615
5,2007,"KEJI",0.0784038501235116
6,2007,"KEJI",0.290801548957674
7,2007,"KEJI",0.301101535116353
8,2007,"KEJI",0.145155887124979
9,2007,"KEJI",0.244551186619023
10,2007,"KEJI",0.12732033287332
11,2007,"KEJI",0.276989752583597
12,2007,"KEJI",0.504998722772582
1,2008,"KEJI",0.286718310775219
2,2008,"KEJI",0.265737496115064
3,2008,"KEJI",0.0933393848228337
4,2008,"KEJI",0.045723599585401
5,2008,"KEJI",0.0313310598559277
6,2008,"KEJI",0.323123195434097
7,2008,"KEJI",0.295622213399316
8,2008,"KEJI",0.0993969711672581
9,2008,"KEJI",0.313399088707587
10,2008,"KEJI",0.0867775525083626
11,2008,"KEJI",0.206270102069495
12,2008,"KEJI",0.283945135819845
1,2009,"KEJI",0.25266295742503
2,2009,"KEJI",0.343885903414809
3,2009,"KEJI",0.0421718722000897
4,2009,"KEJI",0.0343002923993045
5,2009,"KEJI",0.0231793365098675
6,2009,"KEJI",0.255612316264178
7,2009,"KEJI",0.212878140575444
8,2009,"KEJI",0.0826953313784459
9,2009,"KEJI",0.163921124925146
10,2009,"KEJI",0.159255605722741
11,2009,"KEJI",0.172383165215608
12,2009,"KEJI",0.362355371766116
1,2000,"KOOT",0.0792635144472802
2,2000,"KOOT",0.260365930524606
3,2000,"KOOT",0.072549019878533
4,2000,"KOOT",0.0788284933761702
5,2000,"KOOT",0.0697970477873141
6,2000,"KOOT",0.17976792984629
7,2000,"KOOT",0.0761822934807013
8,2000,"KOOT",0.0619578516802358
9,2000,"KOOT",0.0714199943694757
10,2000,"KOOT",0.129004062069966
11,2000,"KOOT",0.158456760957078
12,2000,"KOOT",0.205122183261904
1,2001,"KOOT",0.0566864164559101
2,2001,"KOOT",0.249387289195019
3,2001,"KOOT",0.0970319782898659
4,2001,"KOOT",0.0842047794161175
5,2001,"KOOT",0.094331987105031
6,2001,"KOOT",0.184286099253361
7,2001,"KOOT",0.0906726671807163
8,2001,"KOOT",0.0705091404995366
9,2001,"KOOT",0.0865863014300445
10,2001,"KOOT",0.0876826863109657
11,2001,"KOOT",0.143080106793207
12,2001,"KOOT",0.248226861990153
1,2002,"KOOT",0.0739438667476916
2,2002,"KOOT",0.0595272896639158
3,2002,"KOOT",0.198649519585968
4,2002,"KOOT",0.0994694944571092
5,2002,"KOOT",0.0677553055900701
6,2002,"KOOT",0.213097943202631
7,2002,"KOOT",0.10882143502631
8,2002,"KOOT",0.0471619922145262
9,2002,"KOOT",0.0492384280641406
10,2002,"KOOT",0.116764241680638
11,2002,"KOOT",0.149335833242212
12,2002,"KOOT",0.140951940521238
1,2003,"KOOT",0.047416485924891
2,2003,"KOOT",0.184659039305708
3,2003,"KOOT",0.0674434471239931
4,2003,"KOOT",0.0740651848062522
5,2003,"KOOT",0.0706277507386784
6,2003,"KOOT",0.246221631205674
7,2003,"KOOT",0.11476752802117
8,2003,"KOOT",0.0434086161134602
9,2003,"KOOT",0.045198547373235
10,2003,"KOOT",0.0645956667371151
11,2003,"KOOT",0.13037516061802
12,2003,"KOOT",0.170301390868923
1,2004,"KOOT",0.0738096539385034
2,2004,"KOOT",0.150617461979367
3,2004,"KOOT",0.0558515160874051
4,2004,"KOOT",0.0793594445111548
5,2004,"KOOT",0.0506111343658531
6,2004,"KOOT",0.150080473057797
7,2004,"KOOT",0.103542388027672
8,2004,"KOOT",0.0454207814111768
9,2004,"KOOT",0.048340203364238
10,2004,"KOOT",0.0639684815967015
11,2004,"KOOT",0.123720756676927
12,2004,"KOOT",0.100259974723016
1,2005,"KOOT",0.0675847744394642
2,2005,"KOOT",0.257470035738628
3,2005,"KOOT",0.0736362518340784
4,2005,"KOOT",0.0768148206523971
5,2005,"KOOT",0.060150330537133
6,2005,"KOOT",0.142817945160589
7,2005,"KOOT",0.062612678800625
8,2005,"KOOT",0.0574560636928416
9,2005,"KOOT",0.0750386980593147
10,2005,"KOOT",0.0611427930091756
11,2005,"KOOT",0.0888227913439096
12,2005,"KOOT",0.13228610511783
1,2006,"KOOT",0.045741166250835
2,2006,"KOOT",0.19772509334072
3,2006,"KOOT",0.0569967288154035
4,2006,"KOOT",0.0525362424986618
5,2006,"KOOT",0.0376211174489032
6,2006,"KOOT",0.197253386627883
7,2006,"KOOT",0.12851877593206
8,2006,"KOOT",0.0456052998105741
9,2006,"KOOT",0.0699894512294889
10,2006,"KOOT",0.043306720118828
11,2006,"KOOT",0.171117537113655
12,2006,"KOOT",0.188019154494415
1,2007,"KOOT",0.0423420961785064
2,2007,"KOOT",0.177577545592705
3,2007,"KOOT",0.0569475745725945
4,2007,"KOOT",0.0445237262750873
5,2007,"KOOT",0.0572707885019568
6,2007,"KOOT",0.263245567375887
7,2007,"KOOT",0.0888500148354139
8,2007,"KOOT",0.0483562153820104
9,2007,"KOOT",0.0549155105920819
10,2007,"KOOT",0.0743002985179688
11,2007,"KOOT",0.0921551216341743
12,2007,"KOOT",0.171202129511071
1,2008,"KOOT",0.0497390617152785
2,2008,"KOOT",0.181975098452903
3,2008,"KOOT",0.0569583592797526
4,2008,"KOOT",0.0552136442179175
5,2008,"KOOT",0.0572458854868492
6,2008,"KOOT",0.160582280148957
7,2008,"KOOT",0.0884963139892719
8,2008,"KOOT",0.0576333291364542
9,2008,"KOOT",0.0472021328597118
10,2008,"KOOT",0.0694891475698972
11,2008,"KOOT",0.130585004271528
12,2008,"KOOT",0.21985894467107
1,2009,"KOOT",0.0481519607445121
2,2009,"KOOT",0.227404566495938
3,2009,"KOOT",0.087451556331528
4,2009,"KOOT",0.0727023017553778
5,2009,"KOOT",0.0673033424642578
6,2009,"KOOT",0.185131276579098
7,2009,"KOOT",0.115211184401649
8,2009,"KOOT",0.0497229817603651
9,2009,"KOOT",0.0653352906914977
10,2009,"KOOT",0.0486560691515422
11,2009,"KOOT",0.0615293026617669
12,2009,"KOOT",0.270268368841086
1,2000,"KOUC",0.0720097140774921
2,2000,"KOUC",0.183590956408646
3,2000,"KOUC",0.038597127203693
4,2000,"KOUC",0.000825909285180497
5,2000,"KOUC",0.00691926674637517
6,2000,"KOUC",0.160113893635318
7,2000,"KOUC",0.233341306828219
8,2000,"KOUC",0.0321758950237011
9,2000,"KOUC",0.106110360181972
10,2000,"KOUC",0.0303907904481199
11,2000,"KOUC",0.0900580927030738
12,2000,"KOUC",0.215609360029436
1,2001,"KOUC",0.019384935780564
2,2001,"KOUC",0.231411494950468
3,2001,"KOUC",0.120091049872457
4,2001,"KOUC",-0.00194488757245323
5,2001,"KOUC",-0.00591953877117035
6,2001,"KOUC",0.226825435739236
7,2001,"KOUC",0.196561641168176
8,2001,"KOUC",-0.0143267687707267
9,2001,"KOUC",0.171922681315216
10,2001,"KOUC",0.0979301778457747
11,2001,"KOUC",0.202932771316211
12,2001,"KOUC",0.268210927823318
1,2002,"KOUC",-0.0138726963514047
2,2002,"KOUC",0.091718591082201
3,2002,"KOUC",0.268797129036371
4,2002,"KOUC",0.0450541080494064
5,2002,"KOUC",0.0113391311586115
6,2002,"KOUC",0.184632077171767
7,2002,"KOUC",0.146604358691418
8,2002,"KOUC",0.0152048515014457
9,2002,"KOUC",0.146495780249499
10,2002,"KOUC",0.0742030989174623
11,2002,"KOUC",0.183106829493448
12,2002,"KOUC",0.213078163552554
1,2003,"KOUC",0.0406886108184085
2,2003,"KOUC",0.180397199503846
3,2003,"KOUC",0.0133101306296043
4,2003,"KOUC",-0.0159012254916626
5,2003,"KOUC",-0.00138561353522915
6,2003,"KOUC",0.156338435724181
7,2003,"KOUC",0.156877216439792
8,2003,"KOUC",-0.0146338098653472
9,2003,"KOUC",0.117865551279171
10,2003,"KOUC",0.13388166712427
11,2003,"KOUC",0.177401379122688
12,2003,"KOUC",0.267915287294123
1,2004,"KOUC",0.0681144031820649
2,2004,"KOUC",0.212080963487376
3,2004,"KOUC",0.0701490551862119
4,2004,"KOUC",0.00437886319713474
5,2004,"KOUC",0.00889368197504486
6,2004,"KOUC",0.176534638888574
7,2004,"KOUC",0.111243984233214
8,2004,"KOUC",-0.0113610710913857
9,2004,"KOUC",0.0981468089549737
10,2004,"KOUC",0.129237137967855
11,2004,"KOUC",0.116620298629567
12,2004,"KOUC",0.277375557542131
1,2005,"KOUC",0.130186124554639
2,2005,"KOUC",0.226649254677306
3,2005,"KOUC",0.0453096715156308
4,2005,"KOUC",-0.0162214314026569
5,2005,"KOUC",0.0219085074318964
6,2005,"KOUC",0.211631469564381
7,2005,"KOUC",0.163532237889801
8,2005,"KOUC",-0.0204945400873063
9,2005,"KOUC",0.0706542110870618
10,2005,"KOUC",0.083596333902481
11,2005,"KOUC",0.132494432850918
12,2005,"KOUC",0.237176808755772
1,2006,"KOUC",0.0962990481150223
2,2006,"KOUC",0.162851121284809
3,2006,"KOUC",0.0357970585020558
4,2006,"KOUC",-0.000151094884340342
5,2006,"KOUC",-0.00851885200742335
6,2006,"KOUC",0.131489875396487
7,2006,"KOUC",0.106617399065002
8,2006,"KOUC",0.0206121089252472
9,2006,"KOUC",0.11018229485466
10,2006,"KOUC",0.055144837131937
11,2006,"KOUC",0.0724156998142037
12,2006,"KOUC",0.20003671748367
1,2007,"KOUC",0.0608540543686878
2,2007,"KOUC",0.202123740530901
3,2007,"KOUC",-0.0133148526589371
4,2007,"KOUC",-0.00699013039850683
5,2007,"KOUC",0.0101076855648654
6,2007,"KOUC",0.114006067604308
7,2007,"KOUC",0.175880544590114
8,2007,"KOUC",0.00843440913207093
9,2007,"KOUC",0.0831166779924295
10,2007,"KOUC",0.0786987591571457
11,2007,"KOUC",0.186507928137898
12,2007,"KOUC",0.264008916877886
1,2008,"KOUC",0.0246633006069794
2,2008,"KOUC",0.0971146239728424
3,2008,"KOUC",0.0331538549399772
4,2008,"KOUC",-0.0195384230807859
5,2008,"KOUC",-0.0175066369820355
6,2008,"KOUC",0.176684645725296
7,2008,"KOUC",0.107918159312993
8,2008,"KOUC",-0.0167468536207801
9,2008,"KOUC",0.0972406524289857
10,2008,"KOUC",0.0213362134561
11,2008,"KOUC",0.123476974999011
12,2008,"KOUC",0.161156488989489
1,2009,"KOUC",0.0430826973693876
2,2009,"KOUC",0.180008458576942
3,2009,"KOUC",-0.000664940436739597
4,2009,"KOUC",-0.0147038819548799
5,2009,"KOUC",-0.0196229398770664
6,2009,"KOUC",0.124250621116354
7,2009,"KOUC",0.0993982720115569
8,2009,"KOUC",-0.010705304915032
9,2009,"KOUC",0.0932901593089825
10,2009,"KOUC",0.123720915406812
11,2009,"KOUC",0.0520000658306835
12,2009,"KOUC",0.221054258387964
1,2000,"NAHA",0.0897509939033331
2,2000,"NAHA",0.218144155922792
3,2000,"NAHA",0.438210990600938
4,2000,"NAHA",0.0440383865767455
5,2000,"NAHA",0.120096082494319
6,2000,"NAHA",0.232074206530381
7,2000,"NAHA",0.170031465830754
8,2000,"NAHA",0.0936868137345701
9,2000,"NAHA",0.0979345928419901
10,2000,"NAHA",0.0231723507925904
11,2000,"NAHA",0.0556369052846505
12,2000,"NAHA",0.187414288601881
1,2001,"NAHA",0.0167937836580892
2,2001,"NAHA",0.209229726618332
3,2001,"NAHA",0.487410934515033
4,2001,"NAHA",0.0224727226889019
5,2001,"NAHA",0.129535688342859
6,2001,"NAHA",0.165745604856092
7,2001,"NAHA",0.1358028053973
8,2001,"NAHA",0.0219328984765276
9,2001,"NAHA",0.0460781619322383
10,2001,"NAHA",0.0101281340233942
11,2001,"NAHA",0.0748355838903907
12,2001,"NAHA",0.119501143997607
1,2002,"NAHA",0.016299301581801
2,2002,"NAHA",0.00448324219947076
3,2002,"NAHA",0.130991841098267
4,2002,"NAHA",-0.0150075213715631
5,2002,"NAHA",0.153154097974494
6,2002,"NAHA",0.147543029507679
7,2002,"NAHA",0.176372899067129
8,2002,"NAHA",0.0115977779490272
9,2002,"NAHA",0.034415253001141
10,2002,"NAHA",0.0257386610551313
11,2002,"NAHA",0.0859154406210861
12,2002,"NAHA",0.154571815526275
1,2003,"NAHA",0.0139001176111858
2,2003,"NAHA",0.164526109968748
3,2003,"NAHA",0.113629827787183
4,2003,"NAHA",0.0131662703329356
5,2003,"NAHA",0.00380492880863836
6,2003,"NAHA",0.216714114331144
7,2003,"NAHA",0.0939142094099178
8,2003,"NAHA",0.0108437667085788
9,2003,"NAHA",0.067722890355664
10,2003,"NAHA",0.0264413564889659
11,2003,"NAHA",0.133756584136097
12,2003,"NAHA",0.118944782792561
1,2004,"NAHA",0.0237488048180524
2,2004,"NAHA",0.166019829730738
3,2004,"NAHA",-0.00738597617642084
4,2004,"NAHA",0.0148358040907111
5,2004,"NAHA",-0.00539417323124514
6,2004,"NAHA",0.10892683803617
7,2004,"NAHA",0.192444380194601
8,2004,"NAHA",0.0204230162198377
9,2004,"NAHA",0.0460429266544209
10,2004,"NAHA",0.0213550566751866
11,2004,"NAHA",0.0719171870609357
12,2004,"NAHA",0.103143702354523
1,2005,"NAHA",0.00768625427508862
2,2005,"NAHA",0.1502837250956
3,2005,"NAHA",-0.00734497124956453
4,2005,"NAHA",0.0118993457909846
5,2005,"NAHA",0.004223448703261
6,2005,"NAHA",0.110605883304589
7,2005,"NAHA",0.18447420642259
8,2005,"NAHA",0.00992871099077319
9,2005,"NAHA",0.0754076236113078
10,2005,"NAHA",0.01087082512369
11,2005,"NAHA",0.0710258374459881
12,2005,"NAHA",0.079629848346162
1,2006,"NAHA",0.0111460150412604
2,2006,"NAHA",0.15257881784976
3,2006,"NAHA",-0.00988969446914272
4,2006,"NAHA",0.0158433837071847
5,2006,"NAHA",-0.00709598660567614
6,2006,"NAHA",0.167768751607885
7,2006,"NAHA",0.162509223347213
8,2006,"NAHA",0.0112078735256825
9,2006,"NAHA",0.0453257566385949
10,2006,"NAHA",0.010451374825313
11,2006,"NAHA",0.0875960078138078
12,2006,"NAHA",0.123415096017809
1,2007,"NAHA",0.0127103717242895
2,2007,"NAHA",0.182415454330883
3,2007,"NAHA",-0.023045456788378
4,2007,"NAHA",0.00537550670186693
5,2007,"NAHA",0.00412180611774153
6,2007,"NAHA",0.0999605961944283
7,2007,"NAHA",0.111451230851158
8,2007,"NAHA",0.00675052927470774
9,2007,"NAHA",0.0582127923744859
10,2007,"NAHA",0.00951227180722983
11,2007,"NAHA",0.0147925859484213
12,2007,"NAHA",0.083572573861416
1,2008,"NAHA",0.00379717281951555
2,2008,"NAHA",0.161766412462309
3,2008,"NAHA",-0.017890667268961
4,2008,"NAHA",0.0129363713322578
5,2008,"NAHA",0.000452555981256858
6,2008,"NAHA",0.202299643160851
7,2008,"NAHA",0.14077104648034
8,2008,"NAHA",0.0130528101691725
9,2008,"NAHA",0.070429141953391
10,2008,"NAHA",0.00529107887764002
11,2008,"NAHA",0.0887984352149283
12,2008,"NAHA",0.118672032261111
1,2009,"NAHA",0.00678188171197632
2,2009,"NAHA",0.142354215873589
3,2009,"NAHA",-0.0043837943016201
4,2009,"NAHA",0.0142775324037224
5,2009,"NAHA",-0.000399895860976278
6,2009,"NAHA",0.222429914923755
7,2009,"NAHA",0.115539978815776
8,2009,"NAHA",0.0159474079109716
9,2009,"NAHA",0.0562334412780681
10,2009,"NAHA",0.0154537205156364
11,2009,"NAHA",0.0393828624508485
12,2009,"NAHA",0.123390063389115
1,2000,"NOVA",0.148491670159206
2,2000,"NOVA",0.182794247616054
3,2000,"NOVA",0.0314458697750181
4,2000,"NOVA",0.0636139917405412
5,2000,"NOVA",0.0430927549312673
6,2000,"NOVA",0.180514287028075
7,2000,"NOVA",0.203037060984924
8,2000,"NOVA",0.0488623233071681
9,2000,"NOVA",0.179708058483245
10,2000,"NOVA",0.0182992540376531
11,2000,"NOVA",0.0896489000171291
12,2000,"NOVA",0.202537356204694
1,2001,"NOVA",0.0140683426457064
2,2001,"NOVA",0.196306033760428
3,2001,"NOVA",0.0541285283618998
4,2001,"NOVA",0.0179818487858873
5,2001,"NOVA",0.022391964397017
6,2001,"NOVA",0.190853728678824
7,2001,"NOVA",0.148435231981892
8,2001,"NOVA",0.0101501888920181
9,2001,"NOVA",0.0802165308895049
10,2001,"NOVA",0.123047299531297
11,2001,"NOVA",0.212354022439917
12,2001,"NOVA",0.181791483535509
1,2002,"NOVA",0.0188998529801892
2,2002,"NOVA",0.113900676147463
3,2002,"NOVA",0.18632451430858
4,2002,"NOVA",0.0304130261881819
5,2002,"NOVA",0.0438881252971916
6,2002,"NOVA",0.282074508414656
7,2002,"NOVA",0.19215216818108
8,2002,"NOVA",0.0586187638231761
9,2002,"NOVA",0.135988027363263
10,2002,"NOVA",0.0513579991477883
11,2002,"NOVA",0.130475871978666
12,2002,"NOVA",0.198446675114594
1,2003,"NOVA",0.107260964141206
2,2003,"NOVA",0.201455628088277
3,2003,"NOVA",0.0307356085342827
4,2003,"NOVA",0.0279866098891332
5,2003,"NOVA",0.0248973701088705
6,2003,"NOVA",0.163201850058611
7,2003,"NOVA",0.208755533237694
8,2003,"NOVA",0.0167439065337326
9,2003,"NOVA",0.181975306449208
10,2003,"NOVA",0.0952120505029156
11,2003,"NOVA",0.110535396918787
12,2003,"NOVA",0.220264079389608
1,2004,"NOVA",0.0429170183104333
2,2004,"NOVA",0.168654700833247
3,2004,"NOVA",0.0622877724941393
4,2004,"NOVA",0.0109852558119937
5,2004,"NOVA",0.0305414223303179
6,2004,"NOVA",0.191969359033185
7,2004,"NOVA",0.0607343205671354
8,2004,"NOVA",0.0235210021640492
9,2004,"NOVA",0.18282062263207
10,2004,"NOVA",0.0771628725765885
11,2004,"NOVA",0.131616488000651
12,2004,"NOVA",0.132864083412521
1,2005,"NOVA",0.0305291709192272
2,2005,"NOVA",0.180909564852306
3,2005,"NOVA",0.054780771203427
4,2005,"NOVA",0.0222807120714689
5,2005,"NOVA",0.0360630443904019
6,2005,"NOVA",0.225352181982327
7,2005,"NOVA",0.188702380093769
8,2005,"NOVA",0.00656286846912571
9,2005,"NOVA",0.12038543042432
10,2005,"NOVA",0.0985998486668786
11,2005,"NOVA",0.119660902649628
12,2005,"NOVA",0.165979517179053
1,2006,"NOVA",0.10638666814333
2,2006,"NOVA",0.133213199029305
3,2006,"NOVA",0.0505452614229897
4,2006,"NOVA",0.0326943833622591
5,2006,"NOVA",0.070873746207771
6,2006,"NOVA",0.181290875014592
7,2006,"NOVA",0.172371708639108
8,2006,"NOVA",0.0164559477439641
9,2006,"NOVA",0.170405514328767
10,2006,"NOVA",0.153189936643121
11,2006,"NOVA",0.118061459778207
12,2006,"NOVA",0.17953109886383
1,2007,"NOVA",0.0596210963362597
2,2007,"NOVA",0.177217743929545
3,2007,"NOVA",0.0414185946248045
4,2007,"NOVA",0.0278423408333453
5,2007,"NOVA",0.0344905598279809
6,2007,"NOVA",0.166484132629846
7,2007,"NOVA",0.145307955091612
8,2007,"NOVA",0.0325261550090472
9,2007,"NOVA",0.114449004301517
10,2007,"NOVA",0.0814471368054325
11,2007,"NOVA",0.134513815467917
12,2007,"NOVA",0.165234644946508
1,2008,"NOVA",0.0414407485411187
2,2008,"NOVA",0.117783177779998
3,2008,"NOVA",0.0502696848018223
4,2008,"NOVA",0.0235838174529533
5,2008,"NOVA",0.0238149225594964
6,2008,"NOVA",0.221875091687202
7,2008,"NOVA",0.0981321009324441
8,2008,"NOVA",0.0195650528876058
9,2008,"NOVA",0.0792896389606845
10,2008,"NOVA",0.0797653496960285
11,2008,"NOVA",0.164746215514635
12,2008,"NOVA",0.185275879829445
1,2009,"NOVA",0.123893633984205
2,2009,"NOVA",0.170733551622584
3,2009,"NOVA",0.027633816763864
4,2009,"NOVA",0.0203457850123569
5,2009,"NOVA",0.0737810189211168
6,2009,"NOVA",0.194204733772811
7,2009,"NOVA",0.170581916465177
8,2009,"NOVA",0.0388378162767748
9,2009,"NOVA",0.178494148191885
10,2009,"NOVA",0.118829569218701
11,2009,"NOVA",0.0409015808257371
12,2009,"NOVA",0.234393519719498
1,2000,"PALB",0.0898879913066712
2,2000,"PALB",0.296509024159575
3,2000,"PALB",0.025884704420917
4,2000,"PALB",0.0457806553385918
5,2000,"PALB",-0.0106110698637042
6,2000,"PALB",0.233290732329861
7,2000,"PALB",0.195570801267907
8,2000,"PALB",0.043752623045964
9,2000,"PALB",0.141057142367793
10,2000,"PALB",0.0550528217304832
11,2000,"PALB",0.118414980191477
12,2000,"PALB",0.224369738919388
1,2001,"PALB",0.138918269836255
2,2001,"PALB",0.512230269221492
3,2001,"PALB",0.0325786179299305
4,2001,"PALB",0.0613298648046581
5,2001,"PALB",0.0417529988668369
6,2001,"PALB",0.400434047855407
7,2001,"PALB",0.254025277890903
8,2001,"PALB",0.063778521143493
9,2001,"PALB",0.23811365494258
10,2001,"PALB",0.090727016591826
11,2001,"PALB",0.166861349447041
12,2001,"PALB",0.349969670630967
1,2002,"PALB",0.0520131884750065
2,2002,"PALB",0.0800960626186427
3,2002,"PALB",0.283384190578553
4,2002,"PALB",0.0164569982835937
5,2002,"PALB",0.0446065332507025
6,2002,"PALB",0.418835078246333
7,2002,"PALB",0.268586956095577
8,2002,"PALB",0.0641607414072735
9,2002,"PALB",0.249153559363547
10,2002,"PALB",0.0697988305489816
11,2002,"PALB",0.0872624690811248
12,2002,"PALB",0.247921257181657
1,2003,"PALB",0.116183514424576
2,2003,"PALB",0.308486907800826
3,2003,"PALB",0.0246191020249295
4,2003,"PALB",0.035799953358138
5,2003,"PALB",0.0815784990171527
6,2003,"PALB",0.255987322924524
7,2003,"PALB",0.213154119350401
8,2003,"PALB",0.0602365027182046
9,2003,"PALB",0.214625549540306
10,2003,"PALB",0.0796728639906239
11,2003,"PALB",0.174328073670912
12,2003,"PALB",0.16187165296298
1,2004,"PALB",0.116754425747803
2,2004,"PALB",0.242381999373322
3,2004,"PALB",-0.0215546600080196
4,2004,"PALB",0.0235580625530778
5,2004,"PALB",0.00548376031030481
6,2004,"PALB",0.237205049114492
7,2004,"PALB",0.21725445544068
8,2004,"PALB",0.0384430350435184
9,2004,"PALB",0.145204805386748
10,2004,"PALB",0.110261096304108
11,2004,"PALB",0.136285776265275
12,2004,"PALB",0.170810773093103
1,2005,"PALB",0.126188366671404
2,2005,"PALB",0.271973826450954
3,2005,"PALB",-0.0175504993336564
4,2005,"PALB",0.0387583678366653
5,2005,"PALB",-0.0233427391181964
6,2005,"PALB",0.269136295182592
7,2005,"PALB",0.219893928560205
8,2005,"PALB",0.0396480411094365
9,2005,"PALB",0.195212476633092
10,2005,"PALB",-0.00198036258808901
11,2005,"PALB",0.190804906482755
12,2005,"PALB",0.232064278029586
1,2006,"PALB",0.204464087802258
2,2006,"PALB",0.320515030407572
3,2006,"PALB",0.0271400107936007
4,2006,"PALB",0.0302612946445112
5,2006,"PALB",-0.0161744584479406
6,2006,"PALB",0.391293638801629
7,2006,"PALB",0.29339253277803
8,2006,"PALB",0.0300069216435735
9,2006,"PALB",0.184439868356065
10,2006,"PALB",0.00709991137129004
11,2006,"PALB",0.18365008640042
12,2006,"PALB",0.280660058039224
1,2007,"PALB",0.112542849264951
2,2007,"PALB",0.197506630964423
3,2007,"PALB",-0.0278129970421045
4,2007,"PALB",0.0331644150235536
5,2007,"PALB",0.0176557702829063
6,2007,"PALB",0.438926772770295
7,2007,"PALB",0.313678255114021
8,2007,"PALB",0.032203890023929
9,2007,"PALB",0.214189149175831
10,2007,"PALB",0.021305276028052
11,2007,"PALB",0.173513184885658
12,2007,"PALB",0.218461399797842
1,2008,"PALB",0.0569695134061644
2,2008,"PALB",0.361418294911702
3,2008,"PALB",-0.00571060657168079
4,2008,"PALB",0.0258430718437883
5,2008,"PALB",0.000929659581626468
6,2008,"PALB",0.223716523417334
7,2008,"PALB",0.260573221381181
8,2008,"PALB",0.0558245048133126
9,2008,"PALB",0.255940074116399
10,2008,"PALB",0.0296499225732973
11,2008,"PALB",0.195817730019459
12,2008,"PALB",0.271387668951598
1,2009,"PALB",0.103768899846147
2,2009,"PALB",0.254489112489333
3,2009,"PALB",0.0222882521103699
4,2009,"PALB",0.0384303496935015
5,2009,"PALB",0.02209276710243
6,2009,"PALB",0.298679560537489
7,2009,"PALB",0.201624511211959
8,2009,"PALB",0.0511340348203538
9,2009,"PALB",0.154483064624914
10,2009,"PALB",0.173115540658246
11,2009,"PALB",0.039290383619482
12,2009,"PALB",0.395691510842092
1,2000,"PEIS",0.0816454207744291
2,2000,"PEIS",0.265825761058865
3,2000,"PEIS",0.0124292742697915
4,2000,"PEIS",-0.00338859241837626
5,2000,"PEIS",0.0140757771711357
6,2000,"PEIS",0.308018115440115
7,2000,"PEIS",0.295603687950938
8,2000,"PEIS",0.0545860772255886
9,2000,"PEIS",0.149834909211159
10,2000,"PEIS",-0.000775881101656974
11,2000,"PEIS",0.087165949231379
12,2000,"PEIS",0.301565189424649
1,2001,"PEIS",-0.0168533233815992
2,2001,"PEIS",0.22496264314059
3,2001,"PEIS",0.0391367525834271
4,2001,"PEIS",-0.0254865401463616
5,2001,"PEIS",-0.0353066078270389
6,2001,"PEIS",0.268731904944061
7,2001,"PEIS",0.210609881308848
8,2001,"PEIS",-0.0293937495927012
9,2001,"PEIS",0.127064363089018
10,2001,"PEIS",0.0597595883871067
11,2001,"PEIS",0.212622322546534
12,2001,"PEIS",0.257865297739298
1,2002,"PEIS",-0.0229407456843568
2,2002,"PEIS",0.0762362261656853
3,2002,"PEIS",0.265319859282748
4,2002,"PEIS",-0.0113429363876864
5,2002,"PEIS",-0.0193538463231099
6,2002,"PEIS",0.234142096306228
7,2002,"PEIS",0.193354499278499
8,2002,"PEIS",0.0096566539822185
9,2002,"PEIS",0.140333638918151
10,2002,"PEIS",0.0256717830391035
11,2002,"PEIS",0.11812162999038
12,2002,"PEIS",0.192834480279378
1,2003,"PEIS",0.0551417331861737
2,2003,"PEIS",0.15458098685276
3,2003,"PEIS",-0.000696593003770435
4,2003,"PEIS",-0.0253932209363828
5,2003,"PEIS",-0.0293454456513177
6,2003,"PEIS",0.177790340788841
7,2003,"PEIS",0.152921864306329
8,2003,"PEIS",-0.0311882462508978
9,2003,"PEIS",0.0810624412460707
10,2003,"PEIS",0.0521498436333781
11,2003,"PEIS",0.13981560628602
12,2003,"PEIS",0.29728510293717
1,2004,"PEIS",0.0185873137287273
2,2004,"PEIS",0.235471504729838
3,2004,"PEIS",0.0325198774069564
4,2004,"PEIS",-0.0339758904244709
5,2004,"PEIS",-0.0113786586528551
6,2004,"PEIS",0.150147922558923
7,2004,"PEIS",0.166140321128832
8,2004,"PEIS",-0.0284120367930015
9,2004,"PEIS",0.0627051857196302
10,2004,"PEIS",0.0823926985097745
11,2004,"PEIS",0.108576341692513
12,2004,"PEIS",0.161700502284752
1,2005,"PEIS",0.0624921752002786
2,2005,"PEIS",0.197075530953917
3,2005,"PEIS",0.0119658203767142
4,2005,"PEIS",-0.0322649099460211
5,2005,"PEIS",-0.031898973466525
6,2005,"PEIS",0.220595288937976
7,2005,"PEIS",0.216060850278937
8,2005,"PEIS",-0.0208537911255411
9,2005,"PEIS",0.022428432875159
10,2005,"PEIS",0.0688172881192881
11,2005,"PEIS",0.120395094636845
12,2005,"PEIS",0.192549470779221
1,2006,"PEIS",0.0659701279430776
2,2006,"PEIS",0.25483124008317
3,2006,"PEIS",0.00587231902356902
4,2006,"PEIS",-0.00838469168103312
5,2006,"PEIS",-0.0210521631352818
6,2006,"PEIS",0.188738151586368
7,2006,"PEIS",0.12124673953824
8,2006,"PEIS",0.0240867231850963
9,2006,"PEIS",0.0884757353855403
10,2006,"PEIS",0.039636043190526
11,2006,"PEIS",0.133133151394901
12,2006,"PEIS",0.250892638401961
1,2007,"PEIS",0.048655183563924
2,2007,"PEIS",0.23818896090535
3,2007,"PEIS",-0.0404857905408768
4,2007,"PEIS",-0.0154320314118306
5,2007,"PEIS",0.0011001508770678
6,2007,"PEIS",0.149558344636845
7,2007,"PEIS",0.125766015000589
8,2007,"PEIS",0.00385337993993542
9,2007,"PEIS",0.0851740045777977
10,2007,"PEIS",0.0219035761384526
11,2007,"PEIS",0.122389609040687
12,2007,"PEIS",0.212722169726165
1,2008,"PEIS",0.0560034321531643
2,2008,"PEIS",0.145109870993564
3,2008,"PEIS",0.0176040586386652
4,2008,"PEIS",-0.0331286586831852
5,2008,"PEIS",-0.0404640020098949
6,2008,"PEIS",0.220714592069577
7,2008,"PEIS",0.0779891040761678
8,2008,"PEIS",-0.0154974050949051
9,2008,"PEIS",0.0569367658062103
10,2008,"PEIS",0.0331622453841619
11,2008,"PEIS",0.0978436051597495
12,2008,"PEIS",0.189663192640693
1,2009,"PEIS",0.0552216699457657
2,2009,"PEIS",0.244578303487871
3,2009,"PEIS",-0.0236565527393753
4,2009,"PEIS",-0.0287370454545455
5,2009,"PEIS",-0.0367586087790509
6,2009,"PEIS",0.183104700503483
7,2009,"PEIS",0.127536292854655
8,2009,"PEIS",-0.0300184471536855
9,2009,"PEIS",0.0902674805468749
10,2009,"PEIS",0.0961854397452865
11,2009,"PEIS",0.0603606018311191
12,2009,"PEIS",0.210643475131051
1,2000,"PELE",0.02345
2,2000,"PELE",0.0416
3,2000,"PELE",0.00477
4,2000,"PELE",0.00993000018715859
5,2000,"PELE",0.0387916668251157
6,2000,"PELE",0.0362818181818182
7,2000,"PELE",0.0470909090909091
8,2000,"PELE",-0.00229166670794289
9,2000,"PELE",-0.00557777777777778
10,2000,"PELE",0.00532916666666667
11,2000,"PELE",0.00911428571428572
12,2000,"PELE",0.0319500000751019
1,2001,"PELE",0.033575
2,2001,"PELE",0.0551375
3,2001,"PELE",0.006515
4,2001,"PELE",-0.001405
5,2001,"PELE",-0.0138
6,2001,"PELE",0.0808000004529953
7,2001,"PELE",0.0806124996729195
8,2001,"PELE",0.0119
9,2001,"PELE",0.0664722222222222
10,2001,"PELE",0.00993333335121473
11,2001,"PELE",0.0429476190487898
12,2001,"PELE",0.0974606060606061
1,2002,"PELE",0.02695
2,2002,"PELE",-0.00245
3,2002,"PELE",0.1031
4,2002,"PELE",-0.0134444444444444
5,2002,"PELE",-0.000100000037749608
6,2002,"PELE",0.114199999955483
7,2002,"PELE",0.0204
8,2002,"PELE",0.00239666666666667
9,2002,"PELE",0.0329439394346467
10,2002,"PELE",-0.0160909089854156
11,2002,"PELE",-0.0101423076923077
12,2002,"PELE",0.116933333405008
1,2003,"PELE",-0.00381999923110008
2,2003,"PELE",0.179019230769231
3,2003,"PELE",-0.00574
4,2003,"PELE",-0.0273785714079227
5,2003,"PELE",-0.0109333335486551
6,2003,"PELE",0.06548
7,2003,"PELE",0.0438266666666667
8,2003,"PELE",-0.0188785714253783
9,2003,"PELE",-0.0131875
10,2003,"PELE",-0.01195
11,2003,"PELE",0.0247583332794408
12,2003,"PELE",0.0199750001676381
1,2004,"PELE",-0.0307
2,2004,"PELE",0.0940666666666667
3,2004,"PELE",-0.0176615384427401
4,2004,"PELE",-0.0134333336353302
5,2004,"PELE",-0.0309916666666667
6,2004,"PELE",-0.0162291666666667
7,2004,"PELE",0.0734545455432074
8,2004,"PELE",-0.00513999986067415
9,2004,"PELE",0.00225
10,2004,"PELE",-0.0152958332926035
11,2004,"PELE",0.0314999997239221
12,2004,"PELE",0.0379583333333333
1,2005,"PELE",0.027575
2,2005,"PELE",0.0605299992747605
3,2005,"PELE",-0.0240208334879329
4,2005,"PELE",-0.0212404761904762
5,2005,"PELE",-0.00312857142857143
6,2005,"PELE",0.100333332552513
7,2005,"PELE",0.104616666542159
8,2005,"PELE",-0.0172916666666667
9,2005,"PELE",0.0249703703703704
10,2005,"PELE",-0.0362
11,2005,"PELE",0.0159428571428571
12,2005,"PELE",0.0385181818181818
1,2006,"PELE",0.0133500000510365
2,2006,"PELE",0.026872727609629
3,2006,"PELE",0.0136444444444444
4,2006,"PELE",-0.0304625
5,2006,"PELE",-0.00356666659017404
6,2006,"PELE",0.0330291666595886
7,2006,"PELE",0.0341333333333333
8,2006,"PELE",-0.00296153844503256
9,2006,"PELE",-0.011595000140667
10,2006,"PELE",-0.00638333333333333
11,2006,"PELE",-0.0228333333333333
12,2006,"PELE",0.00179500004902481
1,2007,"PELE",0.0309666665603717
2,2007,"PELE",0.0383555555555556
3,2007,"PELE",-0.0421333333333333
4,2007,"PELE",-0.00646666666008532
5,2007,"PELE",0.00616666666666667
6,2007,"PELE",0.02146875
7,2007,"PELE",0.0216071426136153
8,2007,"PELE",-0.0191999993188307
9,2007,"PELE",0.012325
10,2007,"PELE",-0.0268571428571429
11,2007,"PELE",-5.55554803874663e-05
12,2007,"PELE",0.003325
1,2008,"PELE",0.00337857142857143
2,2008,"PELE",0.0344000000311269
3,2008,"PELE",0.00272857146141884
4,2008,"PELE",-0.00943636363852261
5,2008,"PELE",-0.0154878787878788
6,2008,"PELE",0.0462555563734638
7,2008,"PELE",0.00359285714285714
8,2008,"PELE",-0.0109416666666667
9,2008,"PELE",0.0255611111111111
10,2008,"PELE",-0.00936666694053759
11,2008,"PELE",0.00435238098133178
12,2008,"PELE",-0.027825
1,2009,"PELE",-0.000616666895151134
2,2009,"PELE",-0.0157166666666667
3,2009,"PELE",-0.00654375
4,2009,"PELE",-0.0195
5,2009,"PELE",-0.027657692290384
6,2009,"PELE",-0.01661
7,2009,"PELE",0.0510681818181818
8,2009,"PELE",-0.0129538460963047
9,2009,"PELE",-0.0219499997794628
10,2009,"PELE",0.00205925928839932
11,2009,"PELE",-0.00621190476190476
12,2009,"PELE",0.02714
1,2000,"PRIM",0.231869271128383
2,2000,"PRIM",0.312631199178352
3,2000,"PRIM",0.116996136221586
4,2000,"PRIM",0.14360850741117
5,2000,"PRIM",0.104889665276742
6,2000,"PRIM",0.263031011331011
7,2000,"PRIM",0.301675445370053
8,2000,"PRIM",0.149144314479174
9,2000,"PRIM",0.180830497642096
10,2000,"PRIM",0.148513220113389
11,2000,"PRIM",0.138414363273942
12,2000,"PRIM",0.208877771959428
1,2001,"PRIM",0.153969126766152
2,2001,"PRIM",0.253047141995573
3,2001,"PRIM",0.114984625491053
4,2001,"PRIM",0.20081408659833
5,2001,"PRIM",0.173992318809363
6,2001,"PRIM",0.34642440200719
7,2001,"PRIM",0.219446313263432
8,2001,"PRIM",0.130806415491492
9,2001,"PRIM",0.25715141581895
10,2001,"PRIM",0.125852996339342
11,2001,"PRIM",0.199714398855499
12,2001,"PRIM",0.35761301747116
1,2002,"PRIM",0.15618643302413
2,2002,"PRIM",0.233505405173678
3,2002,"PRIM",0.462575511406553
4,2002,"PRIM",0.0833688071124787
5,2002,"PRIM",0.079171335623065
6,2002,"PRIM",0.380090210048328
7,2002,"PRIM",0.310556963355152
8,2002,"PRIM",0.125313410518063
9,2002,"PRIM",0.223980271335285
10,2002,"PRIM",0.159297348828609
11,2002,"PRIM",0.296238776597694
12,2002,"PRIM",0.415445373344638
1,2003,"PRIM",0.100864673520807
2,2003,"PRIM",0.405663354716417
3,2003,"PRIM",0.0877610989444827
4,2003,"PRIM",0.291068599728722
5,2003,"PRIM",0.134288790545819
6,2003,"PRIM",0.408812029476333
7,2003,"PRIM",0.396036819367821
8,2003,"PRIM",0.0827957590601737
9,2003,"PRIM",0.221595954609666
10,2003,"PRIM",0.222362315298923
11,2003,"PRIM",0.144998597602269
12,2003,"PRIM",0.380759662700411
1,2004,"PRIM",0.328715979031655
2,2004,"PRIM",0.342661270126055
3,2004,"PRIM",0.106058512047854
4,2004,"PRIM",0.146752440555294
5,2004,"PRIM",0.057314463499456
6,2004,"PRIM",0.396421181747672
7,2004,"PRIM",0.360478783683771
8,2004,"PRIM",0.141657506460747
9,2004,"PRIM",0.260839426344619
10,2004,"PRIM",0.107684334999323
11,2004,"PRIM",0.157597485964298
12,2004,"PRIM",0.2899547507769
1,2005,"PRIM",0.186632226239283
2,2005,"PRIM",0.427293052059272
3,2005,"PRIM",0.116556486497664
4,2005,"PRIM",0.34745770077256
5,2005,"PRIM",0.131932451777665
6,2005,"PRIM",0.384436071172039
7,2005,"PRIM",0.194679482302752
8,2005,"PRIM",0.17894889438889
9,2005,"PRIM",0.194935982985115
10,2005,"PRIM",0.121635308348
11,2005,"PRIM",0.091728036204233
12,2005,"PRIM",0.376186864045467
1,2006,"PRIM",0.167301049519316
2,2006,"PRIM",0.504932156277516
3,2006,"PRIM",0.0426597836103811
4,2006,"PRIM",0.258684726183222
5,2006,"PRIM",0.0518189817258561
6,2006,"PRIM",0.344319283240224
7,2006,"PRIM",0.328690639611112
8,2006,"PRIM",0.137890948031198
9,2006,"PRIM",0.288722190755216
10,2006,"PRIM",0.0168595749419306
11,2006,"PRIM",0.277681153693429
12,2006,"PRIM",0.423634999752062
1,2007,"PRIM",0.154169611813806
2,2007,"PRIM",0.296418255073634
3,2007,"PRIM",0.0824052024703827
4,2007,"PRIM",0.0573517835684172
5,2007,"PRIM",0.149492331008133
6,2007,"PRIM",0.31039344941582
7,2007,"PRIM",0.128300575249412
8,2007,"PRIM",0.111198497941104
9,2007,"PRIM",0.254399310105124
10,2007,"PRIM",0.171071661878831
11,2007,"PRIM",0.177528368191767
12,2007,"PRIM",0.286506330484772
1,2008,"PRIM",0.123350832343748
2,2008,"PRIM",0.261789044672899
3,2008,"PRIM",0.0886657961591442
4,2008,"PRIM",0.141185835752432
5,2008,"PRIM",0.10624760799369
6,2008,"PRIM",0.382570549312389
7,2008,"PRIM",0.234268998968027
8,2008,"PRIM",0.0873724944293293
9,2008,"PRIM",0.15535729451998
10,2008,"PRIM",0.103721730582179
11,2008,"PRIM",0.15986908333216
12,2008,"PRIM",0.405648979512828
1,2009,"PRIM",0.286385249829293
2,2009,"PRIM",0.277524656973483
3,2009,"PRIM",0.201708431528978
4,2009,"PRIM",0.174583241288592
5,2009,"PRIM",0.19918071685301
6,2009,"PRIM",0.455452173080745
7,2009,"PRIM",0.314030960855795
8,2009,"PRIM",0.161716326237744
9,2009,"PRIM",0.291844104676282
10,2009,"PRIM",0.069048109575316
11,2009,"PRIM",0.20101252263761
12,2009,"PRIM",0.327795098239752
1,2000,"REVE",0.0677687328566062
2,2000,"REVE",0.267057568814277
3,2000,"REVE",0.0842678469022018
4,2000,"REVE",0.0951648546019363
5,2000,"REVE",0.0576537104457282
6,2000,"REVE",0.17685237534046
7,2000,"REVE",0.0937468528001037
8,2000,"REVE",0.0665788806864943
9,2000,"REVE",0.0784645775077463
10,2000,"REVE",0.100507843409294
11,2000,"REVE",0.166316560238503
12,2000,"REVE",0.214747717040313
1,2001,"REVE",0.0569547619047619
2,2001,"REVE",0.308074149659864
3,2001,"REVE",0.0932536885967004
4,2001,"REVE",0.078323841703348
5,2001,"REVE",0.0950503187830688
6,2001,"REVE",0.200497936469495
7,2001,"REVE",0.114806984131076
8,2001,"REVE",0.0643035572802975
9,2001,"REVE",0.0800265079365079
10,2001,"REVE",0.0763221375622265
11,2001,"REVE",0.124796757488905
12,2001,"REVE",0.328129366332498
1,2002,"REVE",0.0624483219077104
2,2002,"REVE",0.0619445578241053
3,2002,"REVE",0.244412903227335
4,2002,"REVE",0.101917409461153
5,2002,"REVE",0.0679333682363368
6,2002,"REVE",0.235176666519271
7,2002,"REVE",0.126598666666667
8,2002,"REVE",0.0557861606974425
9,2002,"REVE",0.0602679524757972
10,2002,"REVE",0.114802970806994
11,2002,"REVE",0.234725650351369
12,2002,"REVE",0.183231944331123
1,2003,"REVE",0.0501731467571788
2,2003,"REVE",0.255316581623814
3,2003,"REVE",0.0723966369216051
4,2003,"REVE",0.0836557276346844
5,2003,"REVE",0.0706339262454542
6,2003,"REVE",0.297931904761905
7,2003,"REVE",0.132659436507937
8,2003,"REVE",0.0436169148070834
9,2003,"REVE",0.0479983648319163
10,2003,"REVE",0.0918435366193261
11,2003,"REVE",0.144594882358288
12,2003,"REVE",0.203519047764078
1,2004,"REVE",0.106774318039642
2,2004,"REVE",0.20088341543514
3,2004,"REVE",0.0637346070103569
4,2004,"REVE",0.0842956557455462
5,2004,"REVE",0.0559807467606926
6,2004,"REVE",0.21353873015873
7,2004,"REVE",0.131212365086473
8,2004,"REVE",0.0661386947316164
9,2004,"REVE",0.0654066587445626
10,2004,"REVE",0.0646365508167956
11,2004,"REVE",0.155039191417939
12,2004,"REVE",0.149741633520075
1,2005,"REVE",0.0825715880632955
2,2005,"REVE",0.374350365766582
3,2005,"REVE",0.0704537726173946
4,2005,"REVE",0.0840527641275809
5,2005,"REVE",0.0681648892286147
6,2005,"REVE",0.170992032250885
7,2005,"REVE",0.0892809088862904
8,2005,"REVE",0.0604577304187096
9,2005,"REVE",0.0990614748728852
10,2005,"REVE",0.0688764751461989
11,2005,"REVE",0.0996855624518814
12,2005,"REVE",0.160190121703854
1,2006,"REVE",0.0556752513472585
2,2006,"REVE",0.265970408009577
3,2006,"REVE",0.0499383067646979
4,2006,"REVE",0.0658221013892715
5,2006,"REVE",0.0494329014436923
6,2006,"REVE",0.261182698231946
7,2006,"REVE",0.143770706349206
8,2006,"REVE",0.0574590528938249
9,2006,"REVE",0.0733333248567818
10,2006,"REVE",0.0443670531537176
11,2006,"REVE",0.202070251253133
12,2006,"REVE",0.25414824293144
1,2007,"REVE",0.0530773270953176
2,2007,"REVE",0.200275680272109
3,2007,"REVE",0.0589669868575614
4,2007,"REVE",0.0476880096165872
5,2007,"REVE",0.0568878297838039
6,2007,"REVE",0.28386
7,2007,"REVE",0.0867152857796728
8,2007,"REVE",0.0495903942925978
9,2007,"REVE",0.0777914285714286
10,2007,"REVE",0.0874058649706887
11,2007,"REVE",0.0789912777935116
12,2007,"REVE",0.178507936555639
1,2008,"REVE",0.0583380476190476
2,2008,"REVE",0.210289408868926
3,2008,"REVE",0.0794724680133575
4,2008,"REVE",0.0577629447484046
5,2008,"REVE",0.0656185307354408
6,2008,"REVE",0.174466666554681
7,2008,"REVE",0.0869522222016935
8,2008,"REVE",0.0607617281105991
9,2008,"REVE",0.0503651428571429
10,2008,"REVE",0.0653478369678641
11,2008,"REVE",0.144867539578236
12,2008,"REVE",0.273100680272109
1,2009,"REVE",0.0647838095373327
2,2009,"REVE",0.258770578081105
3,2009,"REVE",0.0960518774026305
4,2009,"REVE",0.0709776070691435
5,2009,"REVE",0.0700802156476049
6,2009,"REVE",0.259811904701657
7,2009,"REVE",0.127516309523809
8,2009,"REVE",0.0640038086304449
9,2009,"REVE",0.077794158883339
10,2009,"REVE",0.0443160806931968
11,2009,"REVE",0.111098875812898
12,2009,"REVE",0.31114955538544
1,2000,"THIS",0.110675592604821
2,2000,"THIS",0.311185695571332
3,2000,"THIS",0.0143900824771634
4,2000,"THIS",0.0148754152964757
5,2000,"THIS",0.00726245948270963
6,2000,"THIS",0.311749956017022
7,2000,"THIS",0.265969816526611
8,2000,"THIS",0.0992908554555551
9,2000,"THIS",0.182929371615313
10,2000,"THIS",0.056518617625613
11,2000,"THIS",0.12430071169501
12,2000,"THIS",0.30931529005566
1,2001,"THIS",0.159489539951878
2,2001,"THIS",0.359228546418567
3,2001,"THIS",0.0298030644470844
4,2001,"THIS",-0.00402545139209531
5,2001,"THIS",-0.00876051081108434
6,2001,"THIS",0.35610757660876
7,2001,"THIS",0.376047998828072
8,2001,"THIS",0.0113565117622731
9,2001,"THIS",0.279763070494865
10,2001,"THIS",0.122494486249568
11,2001,"THIS",0.222659099752662
12,2001,"THIS",0.342463781746032
1,2002,"THIS",0.0132498294413919
2,2002,"THIS",0.161519631914335
3,2002,"THIS",0.371203809381603
4,2002,"THIS",0.00683483042447746
5,2002,"THIS",-0.00852235413877084
6,2002,"THIS",0.372249021017697
7,2002,"THIS",0.292457017884077
8,2002,"THIS",0.0645125098265113
9,2002,"THIS",0.252983143139093
10,2002,"THIS",0.0365246388416249
11,2002,"THIS",0.203353895032255
12,2002,"THIS",0.313549512131182
1,2003,"THIS",0.0934027441543545
2,2003,"THIS",0.344302247400163
3,2003,"THIS",0.0451978613337959
4,2003,"THIS",-0.0201240098576626
5,2003,"THIS",-0.00806725635548532
6,2003,"THIS",0.320165780345472
7,2003,"THIS",0.348328199229692
8,2003,"THIS",-0.00462952971079295
9,2003,"THIS",0.175345301822355
10,2003,"THIS",0.0655969520863124
11,2003,"THIS",0.131568883992611
12,2003,"THIS",0.282963480286623
1,2004,"THIS",0.145803273797954
2,2004,"THIS",0.241140863991485
3,2004,"THIS",-0.00612564864488332
4,2004,"THIS",-0.0251380025960769
5,2004,"THIS",-0.00036060568545599
6,2004,"THIS",0.246229847401781
7,2004,"THIS",0.402323146575851
8,2004,"THIS",0.0379500453562148
9,2004,"THIS",0.23067822600602
10,2004,"THIS",0.0918923165044983
11,2004,"THIS",0.186265243389723
12,2004,"THIS",0.3605303466207
1,2005,"THIS",0.133618171730231
2,2005,"THIS",0.339930314832223
3,2005,"THIS",0.00878065774522879
4,2005,"THIS",-0.0146208011806121
5,2005,"THIS",-0.00809492470841461
6,2005,"THIS",0.37319888461108
7,2005,"THIS",0.31987430677956
8,2005,"THIS",0.00071873699355672
9,2005,"THIS",0.211496315054448
10,2005,"THIS",0.077834842580622
11,2005,"THIS",0.114979914009193
12,2005,"THIS",0.370090988562092
1,2006,"THIS",0.184018282033384
2,2006,"THIS",0.372791274697217
3,2006,"THIS",0.0414814026367371
4,2006,"THIS",0.0229367988432238
5,2006,"THIS",-0.00312601346404135
6,2006,"THIS",0.350187537211263
7,2006,"THIS",0.251024550887022
8,2006,"THIS",0.0757344789419699
9,2006,"THIS",0.237130559318581
10,2006,"THIS",0.0519012244022318
11,2006,"THIS",0.135664054505135
12,2006,"THIS",0.194301958955857
1,2007,"THIS",0.0801123041855484
2,2007,"THIS",0.38840387454982
3,2007,"THIS",-0.0164261658910876
4,2007,"THIS",-0.00546469988767931
5,2007,"THIS",0.0133502991584319
6,2007,"THIS",0.325460058608059
7,2007,"THIS",0.437656676184036
8,2007,"THIS",0.0349110415507151
9,2007,"THIS",0.292180256535948
10,2007,"THIS",0.100949790676865
11,2007,"THIS",0.195945908192356
12,2007,"THIS",0.353038846763382
1,2008,"THIS",0.162976149770164
2,2008,"THIS",0.327275214042725
3,2008,"THIS",0.00380993279087761
4,2008,"THIS",-0.0110192937963594
5,2008,"THIS",-0.00404138770622167
6,2008,"THIS",0.360791318838928
7,2008,"THIS",0.385093580724932
8,2008,"THIS",-0.0209694904944834
9,2008,"THIS",0.266672489747181
10,2008,"THIS",0.0796843724135987
11,2008,"THIS",0.227443846718675
12,2008,"THIS",0.325168356159772
1,2009,"THIS",0.154271669252216
2,2009,"THIS",0.366660168750221
3,2009,"THIS",-0.00643971383534239
4,2009,"THIS",-0.00456196190976391
5,2009,"THIS",-0.0139527220727595
6,2009,"THIS",0.289516425669186
7,2009,"THIS",0.326351980275444
8,2009,"THIS",0.104920783319651
9,2009,"THIS",0.276885171330986
10,2009,"THIS",0.142457326530068
11,2009,"THIS",0.0943554679038282
12,2009,"THIS",0.370109284910831
1,2000,"WAPU",-0.017134671325811
2,2000,"WAPU",0.262763073595816
3,2000,"WAPU",-0.0395711744225502
4,2000,"WAPU",-0.0300377377791442
5,2000,"WAPU",-0.0340960207574425
6,2000,"WAPU",0.213349278953543
7,2000,"WAPU",0.135147220058326
8,2000,"WAPU",-0.0198483045133326
9,2000,"WAPU",0.0133823401165875
10,2000,"WAPU",-0.0300940395391555
11,2000,"WAPU",0.0224523825124243
12,2000,"WAPU",0.108127967315733
1,2001,"WAPU",-0.0519272174948269
2,2001,"WAPU",0.210863344443885
3,2001,"WAPU",-0.0396451397431693
4,2001,"WAPU",-0.0449566281869107
5,2001,"WAPU",-0.0355816835095892
6,2001,"WAPU",0.238818475516233
7,2001,"WAPU",0.207495267256544
8,2001,"WAPU",-0.0430145586784547
9,2001,"WAPU",0.0834715213735636
10,2001,"WAPU",-0.0197211310677132
11,2001,"WAPU",0.0468705908301038
12,2001,"WAPU",0.185526957571866
1,2002,"WAPU",-0.0393294747356507
2,2002,"WAPU",-0.0370845845359572
3,2002,"WAPU",0.121871149422198
4,2002,"WAPU",-0.0422155031767039
5,2002,"WAPU",-0.0435524546955046
6,2002,"WAPU",0.238073369411549
7,2002,"WAPU",0.0913330120095413
8,2002,"WAPU",-0.049486587400842
9,2002,"WAPU",-0.0362512767410493
10,2002,"WAPU",-0.0386173528152935
11,2002,"WAPU",0.0270212488064678
12,2002,"WAPU",0.0342234529849124
1,2003,"WAPU",-0.0497557628792591
2,2003,"WAPU",0.198862532792219
3,2003,"WAPU",-0.0410613710123951
4,2003,"WAPU",-0.042808844971557
5,2003,"WAPU",-0.0478492021021589
6,2003,"WAPU",0.297118237147614
7,2003,"WAPU",0.140392035690612
8,2003,"WAPU",-0.0497090487143508
9,2003,"WAPU",0.0455705763566506
10,2003,"WAPU",-0.038514236300137
11,2003,"WAPU",0.00113765811910634
12,2003,"WAPU",0.115284025563572
1,2004,"WAPU",-0.0323118426193427
2,2004,"WAPU",0.162894183906413
3,2004,"WAPU",-0.0393873102203034
4,2004,"WAPU",-0.039649815374353
5,2004,"WAPU",-0.0287247912683818
6,2004,"WAPU",0.178585244840882
7,2004,"WAPU",0.059284775755163
8,2004,"WAPU",-0.0411580948221026
9,2004,"WAPU",-0.0237448677357986
10,2004,"WAPU",-0.0380108129358645
11,2004,"WAPU",0.0308879863532588
12,2004,"WAPU",0.142534733550192
1,2005,"WAPU",-0.045401274589184
2,2005,"WAPU",0.148925926874343
3,2005,"WAPU",-0.0318369909096058
4,2005,"WAPU",-0.0417723163187465
5,2005,"WAPU",-0.0396004175507945
6,2005,"WAPU",0.152321021781224
7,2005,"WAPU",0.183211742044777
8,2005,"WAPU",-0.0379215956662928
9,2005,"WAPU",0.0343766772859074
10,2005,"WAPU",-0.0315083877816464
11,2005,"WAPU",0.0878581518156345
12,2005,"WAPU",0.0668276565590682
1,2006,"WAPU",-0.00118983246038917
2,2006,"WAPU",0.219092841074381
3,2006,"WAPU",-0.0487954310509717
4,2006,"WAPU",-0.0407701193367016
5,2006,"WAPU",-0.0459289442103912
6,2006,"WAPU",0.158705739596753
7,2006,"WAPU",0.198098984091537
8,2006,"WAPU",-0.035081035130575
9,2006,"WAPU",0.0675309025810198
10,2006,"WAPU",-0.0420722993772701
11,2006,"WAPU",-0.0179650592139727
12,2006,"WAPU",0.154653742140126
1,2007,"WAPU",-0.0445999682459549
2,2007,"WAPU",0.147572986918201
3,2007,"WAPU",-0.0455842367496013
4,2007,"WAPU",-0.0454322946654563
5,2007,"WAPU",-0.048158071584922
6,2007,"WAPU",0.190243148683912
7,2007,"WAPU",0.106958757338637
8,2007,"WAPU",-0.0352852097441129
9,2007,"WAPU",0.0417843138577338
10,2007,"WAPU",-0.0398632075884623
11,2007,"WAPU",0.0597145094087641
12,2007,"WAPU",0.0796691095518602
1,2008,"WAPU",-0.0391847795967949
2,2008,"WAPU",0.236848657168875
3,2008,"WAPU",-0.0470680375471614
4,2008,"WAPU",-0.0414030246814976
5,2008,"WAPU",-0.0462976820464829
6,2008,"WAPU",0.222304385346998
7,2008,"WAPU",0.162575779481007
8,2008,"WAPU",-0.0338848153755986
9,2008,"WAPU",-0.0232022839467916
10,2008,"WAPU",-0.0406169930234618
11,2008,"WAPU",0.0526977055574011
12,2008,"WAPU",0.0816969868589535
1,2009,"WAPU",-0.0387067333367935
2,2009,"WAPU",0.191313501295411
3,2009,"WAPU",-0.0445471979659107
4,2009,"WAPU",-0.0384162949585757
5,2009,"WAPU",-0.0482598307560205
6,2009,"WAPU",0.112749656972446
7,2009,"WAPU",0.0336598552239078
8,2009,"WAPU",-0.0362217243209005
9,2009,"WAPU",-0.0248938255886702
10,2009,"WAPU",-0.0403562887484454
11,2009,"WAPU",0.00715472947319844
12,2009,"WAPU",0.14306306677271
1,2000,"WATE",0.14319904546385
2,2000,"WATE",0.359366286872245
3,2000,"WATE",0.118669834353571
4,2000,"WATE",0.0842484723117143
5,2000,"WATE",0.130905145586484
6,2000,"WATE",0.397828487903226
7,2000,"WATE",0.194801284893268
8,2000,"WATE",0.0925581212881656
9,2000,"WATE",0.196993754016809
10,2000,"WATE",0.14937718983959
11,2000,"WATE",0.246792349864645
12,2000,"WATE",0.2332710386597
1,2001,"WATE",0.032677168956044
2,2001,"WATE",0.414336830357143
3,2001,"WATE",0.128346584997101
4,2001,"WATE",0.0591369866143444
5,2001,"WATE",0.131237711827442
6,2001,"WATE",0.413815729354527
7,2001,"WATE",0.306634062720003
8,2001,"WATE",0.0832382056451613
9,2001,"WATE",0.197598125
10,2001,"WATE",0.138951473237833
11,2001,"WATE",0.231153958388049
12,2001,"WATE",0.3229428125
1,2002,"WATE",0.0850351778513825
2,2002,"WATE",0.0421024448799098
3,2002,"WATE",0.315019059091735
4,2002,"WATE",0.175398100977252
5,2002,"WATE",0.10517676439154
6,2002,"WATE",0.417919062576554
7,2002,"WATE",0.219406902777778
8,2002,"WATE",0.0200417605359001
9,2002,"WATE",0.0824896183475027
10,2002,"WATE",0.15201373425728
11,2002,"WATE",0.177116468413978
12,2002,"WATE",0.280104583337725
1,2003,"WATE",0.0953485919201737
2,2003,"WATE",0.272893415164933
3,2003,"WATE",0.125863696281054
4,2003,"WATE",0.066081548168975
5,2003,"WATE",0.140334520440485
6,2003,"WATE",0.470254375
7,2003,"WATE",0.309457104166667
8,2003,"WATE",0.0777456482531052
9,2003,"WATE",0.15150256944426
10,2003,"WATE",0.0713245110856091
11,2003,"WATE",0.246770722492083
12,2003,"WATE",0.25078955760781
1,2004,"WATE",0.158757342685742
2,2004,"WATE",0.268402085650723
3,2004,"WATE",0.120378714106959
4,2004,"WATE",0.0836361582040843
5,2004,"WATE",0.0753354051670632
6,2004,"WATE",0.356204923611111
7,2004,"WATE",0.21156883398596
8,2004,"WATE",0.10821594398922
9,2004,"WATE",0.120013490726228
10,2004,"WATE",0.147952560984752
11,2004,"WATE",0.19318101382077
12,2004,"WATE",0.285751698924731
1,2005,"WATE",0.0989046066539983
2,2005,"WATE",0.393901002985947
3,2005,"WATE",0.118014776281637
4,2005,"WATE",0.12454512624808
5,2005,"WATE",0.0955386536751641
6,2005,"WATE",0.44132424973147
7,2005,"WATE",0.193608847260975
8,2005,"WATE",0.0923107049947971
9,2005,"WATE",0.242420641066939
10,2005,"WATE",0.150271319424805
11,2005,"WATE",0.20075193884053
12,2005,"WATE",0.314227645833333
1,2006,"WATE",0.12354578342266
2,2006,"WATE",0.402290667848177
3,2006,"WATE",0.120448085631846
4,2006,"WATE",0.0797854975275178
5,2006,"WATE",0.116947878409243
6,2006,"WATE",0.494459479157813
7,2006,"WATE",0.30518375
8,2006,"WATE",0.0514501041789075
9,2006,"WATE",0.246821847941667
10,2006,"WATE",0.0785920953218778
11,2006,"WATE",0.147399416597145
12,2006,"WATE",0.273868645753994
1,2007,"WATE",0.0861673958584595
2,2007,"WATE",0.334513727678571
3,2007,"WATE",0.0934321505277767
4,2007,"WATE",0.0502757589132673
5,2007,"WATE",0.0865423574996725
6,2007,"WATE",0.458344479166667
7,2007,"WATE",0.393987291927263
8,2007,"WATE",0.0977467741639113
9,2007,"WATE",0.208889880401235
10,2007,"WATE",0.162393835000505
11,2007,"WATE",0.223818208489084
12,2007,"WATE",0.277163958328068
1,2008,"WATE",0.078317372311828
2,2008,"WATE",0.374028340267202
3,2008,"WATE",0.068749563281145
4,2008,"WATE",0.0366372241910707
5,2008,"WATE",0.0821349312066317
6,2008,"WATE",0.430605104316818
7,2008,"WATE",0.340148978422314
8,2008,"WATE",0.066827678715598
9,2008,"WATE",0.129638721326165
10,2008,"WATE",0.154020313340565
11,2008,"WATE",0.261079687635232
12,2008,"WATE",0.373186049107143
1,2009,"WATE",0.058159854864931
2,2009,"WATE",0.349040736336274
3,2009,"WATE",0.0670051004227568
4,2009,"WATE",0.0769192908653846
5,2009,"WATE",0.0834498306494248
6,2009,"WATE",0.397525633285561
7,2009,"WATE",0.305189375
8,2009,"WATE",0.0507998991884471
9,2009,"WATE",0.139870000064104
10,2009,"WATE",0.135101018771063
11,2009,"WATE",0.0791447916666667
12,2009,"WATE",0.431320137759032
1,2000,"WOOD",0.12644643907676
2,2000,"WOOD",0.263373519350409
3,2000,"WOOD",-0.0126208636300576
4,2000,"WOOD",0.0119578686425944
5,2000,"WOOD",-0.0118737092696979
6,2000,"WOOD",0.310272316418329
7,2000,"WOOD",0.213636405881086
8,2000,"WOOD",0.050164372425814
9,2000,"WOOD",0.153512463582175
10,2000,"WOOD",0.0153278928773762
11,2000,"WOOD",0.0708851984090781
12,2000,"WOOD",0.217262683095775
1,2001,"WOOD",0.0614228563460204
2,2001,"WOOD",0.280289508073702
3,2001,"WOOD",-0.0146100514395549
4,2001,"WOOD",0.0171669242708218
5,2001,"WOOD",0.000235361232587399
6,2001,"WOOD",0.325425846379768
7,2001,"WOOD",0.356683352142992
8,2001,"WOOD",0.0236161233546226
9,2001,"WOOD",0.191372676871502
10,2001,"WOOD",0.0287897033178645
11,2001,"WOOD",0.117396390117484
12,2001,"WOOD",0.239650770777207
1,2002,"WOOD",0.0123265124473172
2,2002,"WOOD",0.0317279290128514
3,2002,"WOOD",0.346373267316674
4,2002,"WOOD",-0.0195230965827311
5,2002,"WOOD",-0.00784582865401674
6,2002,"WOOD",0.33624368141161
7,2002,"WOOD",0.293022992515739
8,2002,"WOOD",0.0333849887440962
9,2002,"WOOD",0.163515779532017
10,2002,"WOOD",-0.00799831008863232
11,2002,"WOOD",0.119274468372976
12,2002,"WOOD",0.24119892683417
1,2003,"WOOD",0.0892371862091586
2,2003,"WOOD",0.312053395320571
3,2003,"WOOD",-0.000800015277803154
4,2003,"WOOD",0.0208194712709433
5,2003,"WOOD",0.0124960764133732
6,2003,"WOOD",0.319219831711946
7,2003,"WOOD",0.229556730142543
8,2003,"WOOD",0.0159844828257861
9,2003,"WOOD",0.189131919127876
10,2003,"WOOD",0.00530237623534149
11,2003,"WOOD",0.112041053468261
12,2003,"WOOD",0.209509489471518
1,2004,"WOOD",0.0645198770096753
2,2004,"WOOD",0.26662623623814
3,2004,"WOOD",-0.019224019477537
4,2004,"WOOD",0.00026877489674874
5,2004,"WOOD",-0.0235417211675004
6,2004,"WOOD",0.288499214767222
7,2004,"WOOD",0.376127430674645
8,2004,"WOOD",0.0229503456285494
9,2004,"WOOD",0.154379607031522
10,2004,"WOOD",0.0278745019490863
11,2004,"WOOD",0.0801934885945349
12,2004,"WOOD",0.177685121218931
1,2005,"WOOD",0.0904459008429204
2,2005,"WOOD",0.227700776604114
3,2005,"WOOD",-0.0134943535588109
4,2005,"WOOD",-0.0112950804556273
5,2005,"WOOD",-0.0214214800452739
6,2005,"WOOD",0.21404276502551
7,2005,"WOOD",0.255808313200753
8,2005,"WOOD",-0.000327951411695968
9,2005,"WOOD",0.245493600434376
10,2005,"WOOD",-0.00840305369685298
11,2005,"WOOD",0.200582786808156
12,2005,"WOOD",0.170341885890398
1,2006,"WOOD",0.135611988861213
2,2006,"WOOD",0.313948543228839
3,2006,"WOOD",-0.0169702664316945
4,2006,"WOOD",-0.00226971516272095
5,2006,"WOOD",-0.0385593327489667
6,2006,"WOOD",0.309455859251503
7,2006,"WOOD",0.291620455441144
8,2006,"WOOD",0.0122357647788373
9,2006,"WOOD",0.172144472634433
10,2006,"WOOD",-0.0118880730076571
11,2006,"WOOD",0.138540616289651
12,2006,"WOOD",0.249345231392125
1,2007,"WOOD",0.0636630910420788
2,2007,"WOOD",0.235330918615383
3,2007,"WOOD",-0.030309591828135
4,2007,"WOOD",0.0173491802357297
5,2007,"WOOD",-0.0112296945807751
6,2007,"WOOD",0.278424807271332
7,2007,"WOOD",0.318786116799343
8,2007,"WOOD",0.0112374791564642
9,2007,"WOOD",0.161843932158664
10,2007,"WOOD",-0.00783260211769109
11,2007,"WOOD",0.106932506370364
12,2007,"WOOD",0.125642718614555
1,2008,"WOOD",0.0340990403691425
2,2008,"WOOD",0.344469276307127
3,2008,"WOOD",-0.0313757831225128
4,2008,"WOOD",-0.0073758471613043
5,2008,"WOOD",-0.0220327532276196
6,2008,"WOOD",0.349446286228487
7,2008,"WOOD",0.327567707445452
8,2008,"WOOD",0.0208957873295114
9,2008,"WOOD",0.246953852209521
10,2008,"WOOD",-0.0282575740099413
11,2008,"WOOD",0.115645502881188
12,2008,"WOOD",0.199803462636789
1,2009,"WOOD",0.0329714512362347
2,2009,"WOOD",0.290469527398075
3,2009,"WOOD",-0.0216254958861638
4,2009,"WOOD",0.00324426475539226
5,2009,"WOOD",-0.0192005954161533
6,2009,"WOOD",0.326225206149256
7,2009,"WOOD",0.231633154823512
8,2009,"WOOD",0.0160640799476495
9,2009,"WOOD",0.217122468026585
10,2009,"WOOD",0.0235635712295178
11,2009,"WOOD",0.0528026607108935
12,2009,"WOOD",0.226175484126018
1,2000,"YOHO",0.0593130392546185
2,2000,"YOHO",0.181527476245806
3,2000,"YOHO",0.0584599978550389
4,2000,"YOHO",0.0636314169073592
5,2000,"YOHO",0.0520689246555389
6,2000,"YOHO",0.142015172248001
7,2000,"YOHO",0.0700282547426359
8,2000,"YOHO",0.054535336830755
9,2000,"YOHO",0.0621180536890678
10,2000,"YOHO",0.09180817649571
11,2000,"YOHO",0.119106496516005
12,2000,"YOHO",0.166200178350579
1,2001,"YOHO",0.0449959010976807
2,2001,"YOHO",0.19295067486861
3,2001,"YOHO",0.0638500665192385
4,2001,"YOHO",0.0603065757611276
5,2001,"YOHO",0.0655065563655798
6,2001,"YOHO",0.119342828078388
7,2001,"YOHO",0.0648455434952172
8,2001,"YOHO",0.0516771737583144
9,2001,"YOHO",0.0519607003865699
10,2001,"YOHO",0.0556620505353582
11,2001,"YOHO",0.105676981592366
12,2001,"YOHO",0.181828519668737
1,2002,"YOHO",0.0489872237902004
2,2002,"YOHO",0.0396424026593739
3,2002,"YOHO",0.160937807475033
4,2002,"YOHO",0.0656466685415774
5,2002,"YOHO",0.0477949344620604
6,2002,"YOHO",0.146781839532986
7,2002,"YOHO",0.0743806914052131
8,2002,"YOHO",0.0275851948529526
9,2002,"YOHO",0.0319319079944203
10,2002,"YOHO",0.0775111576605234
11,2002,"YOHO",0.0966038816737673
12,2002,"YOHO",0.102434869769596
1,2003,"YOHO",0.0273413965615973
2,2003,"YOHO",0.145147007352207
3,2003,"YOHO",0.0425178046070449
4,2003,"YOHO",0.0462287048248533
5,2003,"YOHO",0.0486734455164743
6,2003,"YOHO",0.183052378974876
7,2003,"YOHO",0.0667355762996936
8,2003,"YOHO",0.0259660767241217
9,2003,"YOHO",0.0238697495899281
10,2003,"YOHO",0.0404740732459795
11,2003,"YOHO",0.0890025016495374
12,2003,"YOHO",0.133531855370233
1,2004,"YOHO",0.0460893179442392
2,2004,"YOHO",0.111369679464297
3,2004,"YOHO",0.0387815736460355
4,2004,"YOHO",0.0475383919662832
5,2004,"YOHO",0.0270382107760759
6,2004,"YOHO",0.112407327060218
7,2004,"YOHO",0.0641858224519185
8,2004,"YOHO",0.0311951197339089
9,2004,"YOHO",0.0300784950985504
10,2004,"YOHO",0.043766604306974
11,2004,"YOHO",0.0806448299645186
12,2004,"YOHO",0.0837059206369542
1,2005,"YOHO",0.0446505463850158
2,2005,"YOHO",0.184761331227108
3,2005,"YOHO",0.0376568324066579
4,2005,"YOHO",0.0489991345021491
5,2005,"YOHO",0.0457904009149764
6,2005,"YOHO",0.0967799592141798
7,2005,"YOHO",0.0516873757336307
8,2005,"YOHO",0.0342128808679511
9,2005,"YOHO",0.0529217975431312
10,2005,"YOHO",0.0350068908965938
11,2005,"YOHO",0.0481343127200008
12,2005,"YOHO",0.0812723415640852
1,2006,"YOHO",0.0307979978626921
2,2006,"YOHO",0.155481941421642
3,2006,"YOHO",0.0294814157530536
4,2006,"YOHO",0.0404464883408823
5,2006,"YOHO",0.0243047018025564
6,2006,"YOHO",0.137709008369261
7,2006,"YOHO",0.0938982915273133
8,2006,"YOHO",0.0381319526080973
9,2006,"YOHO",0.0410315203432852
10,2006,"YOHO",0.0229198214543755
11,2006,"YOHO",0.134309709657974
12,2006,"YOHO",0.155100459445587
1,2007,"YOHO",0.0280630250808449
2,2007,"YOHO",0.131518711180124
3,2007,"YOHO",0.034230023891947
4,2007,"YOHO",0.027047730420029
5,2007,"YOHO",0.0311445842747554
6,2007,"YOHO",0.172060654562829
7,2007,"YOHO",0.0557439006202046
8,2007,"YOHO",0.028244835003573
9,2007,"YOHO",0.0281485815353159
10,2007,"YOHO",0.0480674114358764
11,2007,"YOHO",0.048756400195553
12,2007,"YOHO",0.130436256147556
1,2008,"YOHO",0.036563118729097
2,2008,"YOHO",0.137169003052322
3,2008,"YOHO",0.0364360766651814
4,2008,"YOHO",0.038897816284985
5,2008,"YOHO",0.0314311913122399
6,2008,"YOHO",0.106449704081801
7,2008,"YOHO",0.0573767773656331
8,2008,"YOHO",0.0439895622931466
9,2008,"YOHO",0.0285372886339993
10,2008,"YOHO",0.0427185594634127
11,2008,"YOHO",0.0873352201432204
12,2008,"YOHO",0.159844025941271
1,2009,"YOHO",0.0379100253148013
2,2009,"YOHO",0.174658092363045
3,2009,"YOHO",0.051268943836726
4,2009,"YOHO",0.0497525058976308
5,2009,"YOHO",0.0460159834805284
6,2009,"YOHO",0.132940392904098
7,2009,"YOHO",0.0797124769071509
8,2009,"YOHO",0.0365674685336637
9,2009,"YOHO",0.0394924659060309
10,2009,"YOHO",0.0326686019646075
11,2009,"YOHO",0.0508325456610872
12,2009,"YOHO",0.194193787792599
